,formula,T,Cp
14,Be1I2,1400.0,89.34100000000002
15,Be1I2,1300.0,89.115
16,Be1I2,1200.0,88.78
17,Be1I2,1100.0,88.337
18,Be1I2,1000.0,87.789
19,Be1I2,900.0,87.132
20,Be1I2,800.0,86.366
21,Be1I2,753.0,85.944
22,Be1I2,600.0,84.19
23,Be1I2,500.0,81.638
24,Be1I2,400.0,76.868
25,Be1I2,300.0,69.128
26,Be1I2,298.0,68.961
27,Be1F3Li1,1100.0,192.46400000000003
28,Be1F3Li1,1000.0,179.912
29,Be1F3Li1,900.0,167.36
30,Be1F3Li1,800.0,154.808
31,Be1F3Li1,700.0,142.256
32,Be1F3Li1,650.0,135.98
33,Be1F3Li1,600.0,129.704
34,Be1F3Li1,500.0,117.152
35,Be1F3Li1,400.0,104.6
36,Be1F3Li1,300.0,92.048
37,Be1F3Li1,298.0,91.816
38,Al1Cl4K1,900.0,199.995
39,Al1Cl4K1,800.0,196.648
40,Al1Cl4K1,700.0,190.79
41,Al1Cl4K1,600.0,183.176
42,Al1Cl4K1,500.0,174.305
43,Al1Cl4K1,400.0,165.477
44,Al1Cl4K1,300.0,156.649
45,Al1Cl4K1,298.0,156.482
46,Al2Be1O4,2300.0,248.548
47,Al2Be1O4,2200.0,233.098
48,Al2Be1O4,2146.0,226.25
49,Al2Be1O4,2100.0,220.19
50,Al2Be1O4,2000.0,209.49
51,Al2Be1O4,1900.0,201.57
52,Al2Be1O4,1800.0,195.79
53,Al2Be1O4,1700.0,191.56
54,Al2Be1O4,1600.0,188.41
55,Al2Be1O4,1500.0,185.91
56,Al2Be1O4,1400.0,183.75
57,Al2Be1O4,1300.0,181.67
58,Al2Be1O4,1200.0,179.48
59,Al2Be1O4,1100.0,177.03
60,Al2Be1O4,1000.0,174.2
61,Al2Be1O4,900.0,170.87
62,Al2Be1O4,800.0,166.83
63,Al2Be1O4,700.0,161.75
64,Al2Be1O4,600.0,154.97
65,Al2Be1O4,500.0,145.25
66,Al2Be1O4,400.0,130.28
67,Al2Be1O4,300.0,105.94
68,Al2Be1O4,298.0,105.38
82,B2Mg1,1900.0,92.242
83,B2Mg1,1800.0,90.249
84,B2Mg1,1700.0,88.162
85,B2Mg1,1600.0,85.98100000000002
86,B2Mg1,1500.0,83.64299999999999
87,B2Mg1,1400.0,81.17
88,B2Mg1,1300.0,78.795
89,B2Mg1,1200.0,76.442
90,B2Mg1,1100.0,74.078
91,B2Mg1,1000.0,71.714
92,B2Mg1,900.0,69.16199999999999
93,B2Mg1,800.0,66.52600000000001
94,B2Mg1,700.0,64.015
95,B2Mg1,600.0,61.379
96,B2Mg1,500.0,58.409
97,B2Mg1,400.0,54.392
98,B2Mg1,300.0,47.865
99,B2Mg1,298.0,47.823
100,Be1F2,1200.0,87.529
101,Be1F2,1100.0,84.182
102,Be1F2,1000.0,80.835
103,Be1F2,900.0,77.488
104,Be1F2,825.0,74.977
105,Be1F2,800.0,74.14
106,Be1F2,700.0,70.793
107,Be1F2,600.0,67.446
108,Be1F2,500.0,76.048
109,Be1F2,500.0,64.09899999999999
110,Be1F2,400.0,62.522
111,Be1F2,300.0,52.028
112,Be1F2,298.0,51.819
113,B1H4Na1,1900.0,133.679
114,B1H4Na1,1800.0,133.553
115,B1H4Na1,1700.0,133.511
116,B1H4Na1,1600.0,133.428
117,B1H4Na1,1500.0,133.30200000000002
118,B1H4Na1,1400.0,133.135
119,B1H4Na1,1300.0,132.675
120,B1H4Na1,1200.0,131.754
121,B1H4Na1,1100.0,130.039
122,B1H4Na1,1000.0,127.445
123,B1H4Na1,900.0,124.265
124,B1H4Na1,800.0,120.248
125,B1H4Na1,700.0,115.269
126,B1H4Na1,600.0,108.617
127,B1H4Na1,500.0,101.797
128,B1H4Na1,400.0,94.558
129,B1H4Na1,300.0,86.64200000000002
130,B1H4Na1,298.0,86.48299999999998
131,Br2Ca1,1400.0,103.387
132,Br2Ca1,1300.0,99.412
133,Br2Ca1,1200.0,95.563
134,Br2Ca1,1100.0,91.922
135,Br2Ca1,1015.0,89.036
136,Br2Ca1,1000.0,88.617
137,Br2Ca1,900.0,85.85600000000002
138,Br2Ca1,800.0,83.471
139,Br2Ca1,700.0,81.63
140,Br2Ca1,600.0,80.5
141,Br2Ca1,500.0,79.454
142,Br2Ca1,400.0,77.99
143,Br2Ca1,300.0,75.124
144,Br2Ca1,298.0,75.04
191,Ba1H2O2,900.0,134.892
192,Ba1H2O2,800.0,130.834
193,Ba1H2O2,700.0,126.775
194,Ba1H2O2,681.15,126.022
195,Ba1H2O2,600.0,122.717
196,Ba1H2O2,500.0,118.658
197,Ba1H2O2,400.0,112.633
198,Ba1H2O2,300.0,101.797
199,Ba1H2O2,298.0,101.629
214,Br3Zr1,1900.0,106.566
215,Br3Zr1,1800.0,106.525
216,Br3Zr1,1700.0,106.483
217,Br3Zr1,1600.0,106.441
218,Br3Zr1,1500.0,106.399
219,Br3Zr1,1400.0,106.357
220,Br3Zr1,1300.0,106.315
221,Br3Zr1,1200.0,106.232
222,Br3Zr1,1100.0,106.148
223,Br3Zr1,1000.0,106.064
224,Br3Zr1,900.0,105.855
225,Br3Zr1,800.0,105.437
226,Br3Zr1,700.0,105.018
227,Br3Zr1,600.0,104.6
228,Br3Zr1,500.0,103.763
229,Br3Zr1,400.0,102.508
230,Br3Zr1,300.0,99.562
231,Br3Zr1,298.0,99.483
232,Br2Ti1,1400.0,91.32
233,Br2Ti1,1300.0,90.174
234,Br2Ti1,1200.0,89.027
235,Br2Ti1,1100.0,87.881
236,Br2Ti1,1000.0,86.734
237,Br2Ti1,900.0,85.588
238,Br2Ti1,800.0,84.441
239,Br2Ti1,700.0,83.295
240,Br2Ti1,600.0,82.149
241,Br2Ti1,500.0,81.002
242,Br2Ti1,400.0,79.85600000000002
243,Br2Ti1,300.0,78.709
244,Br2Ti1,298.0,78.688
283,Be2O4Si1,2900.0,194.58900000000003
284,Be2O4Si1,2800.0,193.702
285,Be2O4Si1,2700.0,192.815
286,Be2O4Si1,2600.0,191.928
287,Be2O4Si1,2500.0,191.041
288,Be2O4Si1,2400.0,190.154
289,Be2O4Si1,2300.0,189.267
290,Be2O4Si1,2200.0,188.38
291,Be2O4Si1,2100.0,187.493
292,Be2O4Si1,2000.0,186.606
293,Be2O4Si1,1900.0,185.686
294,Be2O4Si1,1800.0,184.749
295,Be2O4Si1,1700.0,183.803
296,Be2O4Si1,1600.0,182.849
297,Be2O4Si1,1500.0,181.887
298,Be2O4Si1,1400.0,180.916
299,Be2O4Si1,1300.0,179.636
300,Be2O4Si1,1200.0,178.197
301,Be2O4Si1,1100.0,176.356
302,Be2O4Si1,1000.0,174.054
303,Be2O4Si1,900.0,170.74900000000005
304,Be2O4Si1,800.0,166.021
305,Be2O4Si1,700.0,158.866
306,Be2O4Si1,600.0,149.16
307,Be2O4Si1,500.0,136.942
308,Be2O4Si1,400.0,120.75
309,Be2O4Si1,300.0,96.098
310,Be2O4Si1,298.0,95.563
311,Br2Pb1,900.0,101.621
312,Br2Pb1,800.0,97.341
313,Br2Pb1,700.0,93.061
314,Br2Pb1,600.0,88.78399999999998
315,Br2Pb1,500.0,84.684
316,Br2Pb1,400.0,81.253
317,Br2Pb1,300.0,79.613
318,Br2Pb1,298.0,79.578
332,Br2Hg2,1400.0,125.143
333,Br2Hg2,1300.0,124.209
334,Br2Hg2,1200.0,123.47
335,Br2Hg2,1100.0,122.539
336,Br2Hg2,1000.0,121.545
337,Br2Hg2,900.0,120.416
338,Br2Hg2,800.0,119.118
339,Br2Hg2,700.0,117.529
340,Br2Hg2,600.0,115.604
341,Br2Hg2,500.0,113.052
342,Br2Hg2,400.0,109.621
343,Br2Hg2,300.0,104.703
344,Br2Hg2,298.0,104.6
345,B1H3O3,298.0,81.337
346,B1H3O3,1400.0,181.279
347,B1H3O3,1300.0,177.653
348,B1H3O3,1200.0,173.218
349,B1H3O3,1100.0,167.97400000000005
350,B1H3O3,1000.0,161.921
351,B1H3O3,900.0,155.017
352,B1H3O3,800.0,147.27700000000004
353,B1H3O3,700.0,137.915
354,B1H3O3,600.0,127.194
355,B1H3O3,500.0,114.642
356,B1H3O3,400.0,100.207
357,B1H3O3,300.0,81.755
358,Br3Ti1,1400.0,172.015
359,Br3Ti1,1300.0,168.755
360,Br3Ti1,1200.0,165.111
361,Br3Ti1,1100.0,161.084
362,Br3Ti1,1000.0,156.673
363,Br3Ti1,900.0,151.879
364,Br3Ti1,800.0,147.27700000000004
365,Br3Ti1,700.0,137.21
366,Br3Ti1,600.0,125.507
367,Br3Ti1,500.0,114.709
368,Br3Ti1,400.0,105.818
369,Br3Ti1,300.0,101.776
370,Br3Ti1,298.0,101.705
371,C1Cu1N1,900.0,80.249
372,C1Cu1N1,800.0,78.032
373,C1Cu1N1,700.0,75.689
374,C1Cu1N1,600.0,73.13600000000002
375,C1Cu1N1,500.0,70.249
376,C1Cu1N1,400.0,66.735
377,C1Cu1N1,300.0,62.195
378,C1Cu1N1,298.0,61.024
379,B1,298.0,11.315
380,B1,2700.0,31.778
381,B1,2600.0,31.457
382,B1,2500.0,31.133000000000006
383,B1,2400.0,30.806
384,B1,2350.0,30.641
385,B1,2300.0,30.475
386,B1,2200.0,30.14
387,B1,2100.0,29.799
388,B1,2000.0,29.452
389,B1,1900.0,29.097
390,B1,1800.0,28.732
391,B1,1700.0,28.356
392,B1,1600.0,27.966
393,B1,1500.0,27.557
394,B1,1400.0,27.125
395,B1,1300.0,26.663
396,B1,1200.0,26.161
397,B1,1100.0,25.606
398,B1,1000.0,24.978
399,B1,900.0,24.245
400,B1,800.0,23.361
401,B1,700.0,22.249
402,B1,600.0,20.778
403,B1,500.0,18.722
404,B1,450.0,17.361
405,B1,400.0,15.693
406,B1,350.0,13.654000000000002
407,B1,300.0,11.405
408,Al1F6Na3,298.0,215.727
409,Al1F6Na3,1100.0,332.461
410,Al1F6Na3,1000.0,318.582
411,Al1F6Na3,900.0,304.691
412,Al1F6Na3,836.0,295.809
413,Al1F6Na3,800.0,290.78
414,Al1F6Na3,700.0,276.822
415,Al1F6Na3,600.0,262.793
416,Al1F6Na3,500.0,248.634
417,Al1F6Na3,400.0,236.379
418,Al1F6Na3,300.0,216.212
419,Ca1H2O2,900.0,116.022
420,Ca1H2O2,800.0,113.512
421,Ca1H2O2,700.0,110.709
422,Ca1H2O2,600.0,107.445
423,Ca1H2O2,500.0,103.931
424,Ca1H2O2,400.0,98.408
425,Ca1H2O2,300.0,87.78
426,Ca1H2O2,298.0,87.48700000000002
427,B2Be3O6,298.0,139.746
428,B2Be3O6,2900.0,332.754
429,B2Be3O6,2800.0,330.829
430,B2Be3O6,2700.0,328.904
431,B2Be3O6,2600.0,327.105
432,B2Be3O6,2500.0,325.18
433,B2Be3O6,2400.0,323.423
434,B2Be3O6,2300.0,321.582
435,B2Be3O6,2200.0,319.658
436,B2Be3O6,2100.0,317.649
437,B2Be3O6,2000.0,315.474
438,B2Be3O6,1900.0,313.382
439,B2Be3O6,1800.0,311.206
440,B2Be3O6,1700.0,308.905
441,B2Be3O6,1600.0,306.7290000000001
442,B2Be3O6,1500.0,304.553
443,B2Be3O6,1400.0,302.21
444,B2Be3O6,1300.0,299.574
445,B2Be3O6,1200.0,296.395
446,B2Be3O6,1100.0,292.211
447,B2Be3O6,1000.0,286.269
448,B2Be3O6,900.0,277.567
449,B2Be3O6,800.0,264.805
450,B2Be3O6,700.0,247.567
451,B2Be3O6,600.0,226.605
452,B2Be3O6,500.0,202.84
453,B2Be3O6,400.0,175.017
454,B2Be3O6,300.0,140.415
455,Al1Cl4Na1,298.0,154.975
456,Al1Cl4Na1,900.0,197.276
457,Al1Cl4Na1,800.0,193.51
458,Al1Cl4Na1,700.0,189.117
459,Al1Cl4Na1,600.0,182.422
460,Al1Cl4Na1,500.0,174.054
461,Al1Cl4Na1,400.0,164.808
462,Al1Cl4Na1,300.0,154.808
481,C0.98Nb1,2900.0,62.174
482,C0.98Nb1,2800.0,61.672
483,C0.98Nb1,2700.0,61.17
484,C0.98Nb1,2600.0,60.668
485,C0.98Nb1,2500.0,60.166
486,C0.98Nb1,2400.0,59.664
487,C0.98Nb1,2300.0,59.162
488,C0.98Nb1,2200.0,58.66
489,C0.98Nb1,2100.0,58.158
490,C0.98Nb1,2000.0,57.65600000000001
491,C0.98Nb1,1900.0,57.153
492,C0.98Nb1,1800.0,56.651
493,C0.98Nb1,1700.0,56.13399999999999
494,C0.98Nb1,1600.0,55.605
495,C0.98Nb1,1500.0,55.06100000000001
496,C0.98Nb1,1400.0,54.504
497,C0.98Nb1,1300.0,53.932
498,C0.98Nb1,1200.0,53.304
499,C0.98Nb1,1100.0,52.635
500,C0.98Nb1,1000.0,51.923
501,C0.98Nb1,900.0,51.087
502,C0.98Nb1,800.0,50.124
503,C0.98Nb1,700.0,48.911
504,C0.98Nb1,600.0,47.363
505,C0.98Nb1,500.0,45.145
506,C0.98Nb1,400.0,41.882
507,C0.98Nb1,300.0,36.38
508,C0.98Nb1,298.0,36.233
509,Br2Hg1,1400.0,107.587
510,Br2Hg1,1300.0,104.659
511,Br2Hg1,1200.0,101.73
512,Br2Hg1,1100.0,98.801
513,Br2Hg1,1000.0,95.872
514,Br2Hg1,900.0,92.943
515,Br2Hg1,800.0,90.015
516,Br2Hg1,700.0,87.086
517,Br2Hg1,600.0,84.15700000000002
518,Br2Hg1,500.0,81.206
519,Br2Hg1,400.0,78.321
520,Br2Hg1,300.0,75.366
521,Br2Hg1,298.0,75.312
565,Be1F4Li2,1400.0,299.5540000000001
566,Be1F4Li2,1300.0,284.64
567,Be1F4Li2,1200.0,269.72900000000004
568,Be1F4Li2,1100.0,254.819
569,Be1F4Li2,1000.0,239.911
570,Be1F4Li2,900.0,225.004
571,Be1F4Li2,800.0,210.1
572,Be1F4Li2,732.2,199.995
573,Be1F4Li2,700.0,195.18400000000003
574,Be1F4Li2,600.0,180.247
575,Be1F4Li2,500.0,165.352
576,Be1F4Li2,400.0,150.457
577,Be1F4Li2,300.0,135.52
578,Be1F4Li2,298.0,135.269
579,C1Mg1O3,900.0,127.612
580,C1Mg1O3,800.0,122.256
581,C1Mg1O3,700.0,116.232
582,C1Mg1O3,600.0,109.035
583,C1Mg1O3,500.0,100.061
584,C1Mg1O3,400.0,89.855
585,C1Mg1O3,300.0,76.501
586,C1Mg1O3,298.0,76.21
587,Br1H4N1,1400.0,174.264
588,Br1H4N1,1300.0,168.127
589,Br1H4N1,1200.0,161.502
590,Br1H4N1,1100.0,154.102
591,Br1H4N1,1000.0,146.02200000000005
592,Br1H4N1,900.0,136.817
593,Br1H4N1,800.0,126.775
594,Br1H4N1,700.0,115.06
595,Br1H4N1,600.0,102.424
596,Br1H4N1,500.0,87.195
597,Br1H4N1,411.0,92.844
598,Br1H4N1,411.0,72.867
599,Br1H4N1,400.0,92.717
600,Br1H4N1,300.0,88.89299999999999
601,Br1H4N1,298.0,88.676
616,Al1F6Li3,298.0,202.506
617,Al1F6Li3,1500.0,357.732
618,Al1F6Li3,1400.0,347.272
619,Al1F6Li3,1300.0,336.8119999999999
620,Al1F6Li3,1200.0,326.3520000000001
621,Al1F6Li3,1100.0,315.892
622,Al1F6Li3,1058.0,311.499
623,Al1F6Li3,1000.0,305.432
624,Al1F6Li3,978.0,303.131
625,Al1F6Li3,900.0,294.972
626,Al1F6Li3,848.0,289.533
627,Al1F6Li3,800.0,284.512
628,Al1F6Li3,748.0,279.073
629,Al1F6Li3,700.0,274.052
630,Al1F6Li3,600.0,262.295
631,Al1F6Li3,500.0,248.111
632,Al1F6Li3,400.0,229.86900000000003
633,Al1F6Li3,300.0,203.133
642,Ba1,298.0,28.096
643,Ba1,1400.0,39.066
644,Ba1,1300.0,39.066
645,Ba1,1200.0,39.066
646,Ba1,1100.0,39.066
647,Ba1,1000.0,39.066
648,Ba1,900.0,39.066
649,Ba1,800.0,39.066
650,Ba1,768.13,48.103
651,Ba1,768.13,39.066
652,Ba1,700.0,42.363
653,Ba1,600.0,33.941
654,Ba1,582.53,54.4
655,Ba1,582.53,32.468
656,Ba1,500.0,43.744
657,Ba1,450.0,38.031
658,Ba1,400.0,33.229
659,Ba1,350.0,29.898000000000003
660,Ba1,300.0,28.142
661,Br4Ti1,1400.0,133.779
662,Br4Ti1,1300.0,133.779
663,Br4Ti1,1200.0,133.779
664,Br4Ti1,1100.0,133.779
665,Br4Ti1,1000.0,133.779
666,Br4Ti1,900.0,133.779
667,Br4Ti1,800.0,133.779
668,Br4Ti1,700.0,133.779
669,Br4Ti1,600.0,133.779
670,Br4Ti1,500.0,133.779
671,Br4Ti1,400.0,133.779
672,Br4Ti1,311.4,133.779
673,Br4Ti1,300.0,131.815
674,Br4Ti1,298.0,131.503
689,Be1O4S1,298.0,85.697
690,Be1O4S1,2200.0,200.832
691,Be1O4S1,2100.0,200.832
692,Be1O4S1,2000.0,200.832
693,Be1O4S1,1900.0,200.832
694,Be1O4S1,1800.0,200.832
695,Be1O4S1,1700.0,200.706
696,Be1O4S1,1600.0,200.004
697,Be1O4S1,1500.0,198.656
698,Be1O4S1,1400.0,196.581
699,Be1O4S1,1300.0,193.543
700,Be1O4S1,1200.0,189.209
701,Be1O4S1,1100.0,183.088
702,Be1O4S1,1000.0,174.43099999999995
703,Be1O4S1,900.0,162.046
704,Be1O4S1,800.0,149.787
705,Be1O4S1,700.0,137.988
706,Be1O4S1,600.0,126.817
707,Be1O4S1,500.0,116.357
708,Be1O4S1,400.0,103.88
709,Be1O4S1,300.0,86.111
710,Ba1F2,298.0,72.204
711,Ba1F2,1900.0,107.654
712,Ba1F2,1800.0,107.654
713,Ba1F2,1700.0,107.654
714,Ba1F2,1641.0,107.654
715,Ba1F2,1600.0,107.654
716,Ba1F2,1500.0,107.654
717,Ba1F2,1480.0,107.104
718,Ba1F2,1480.0,107.654
719,Ba1F2,1400.0,114.014
720,Ba1F2,1300.0,137.654
721,Ba1F2,1240.0,194.914
722,Ba1F2,1240.0,194.713
723,Ba1F2,1200.0,130.541
724,Ba1F2,1100.0,104.182
725,Ba1F2,1000.0,94.558
726,Ba1F2,900.0,88.70100000000002
727,Ba1F2,800.0,84.935
728,Ba1F2,700.0,82.383
729,Ba1F2,600.0,80.333
730,Ba1F2,500.0,78.45
731,Ba1F2,400.0,75.94
732,Ba1F2,300.0,72.304
733,Ba1I2,298.0,77.488
734,Ba1I2,2700.0,112.968
735,Ba1I2,2600.0,112.968
736,Ba1I2,2500.0,112.968
737,Ba1I2,2400.0,112.968
738,Ba1I2,2300.0,112.968
739,Ba1I2,2200.0,112.968
740,Ba1I2,2100.0,112.968
741,Ba1I2,2000.0,112.968
742,Ba1I2,1900.0,112.968
743,Ba1I2,1800.0,112.968
744,Ba1I2,1700.0,112.968
745,Ba1I2,1600.0,112.968
746,Ba1I2,1500.0,112.968
747,Ba1I2,1400.0,112.968
748,Ba1I2,1300.0,112.968
749,Ba1I2,1200.0,112.968
750,Ba1I2,1100.0,112.968
751,Ba1I2,1000.0,112.968
752,Ba1I2,984.0,91.211
753,Ba1I2,984.0,112.968
754,Ba1I2,900.0,89.538
755,Ba1I2,800.0,87.529
756,Ba1I2,700.0,85.521
757,Ba1I2,600.0,83.51299999999998
758,Ba1I2,500.0,81.546
759,Ba1I2,400.0,79.538
760,Ba1I2,300.0,77.53
780,C1K1N1,1900.0,66.905
781,C1K1N1,1800.0,66.865
782,C1K1N1,1700.0,66.82600000000001
783,C1K1N1,1600.0,66.78699999999999
784,C1K1N1,1500.0,66.747
785,C1K1N1,1400.0,66.708
786,C1K1N1,1300.0,66.669
787,C1K1N1,1200.0,66.62899999999999
788,C1K1N1,1100.0,66.59
789,C1K1N1,1000.0,66.551
790,C1K1N1,900.0,66.51100000000001
791,C1K1N1,895.0,66.509
792,C1K1N1,800.0,66.471
793,C1K1N1,700.0,66.431
794,C1K1N1,600.0,66.392
795,C1K1N1,500.0,66.354
796,C1K1N1,400.0,66.316
797,C1K1N1,300.0,66.383
798,C1K1N1,298.0,66.391
799,Be1H2O2,298.0,65.70100000000001
800,Be1H2O2,900.0,110.399
801,Be1H2O2,800.0,107.495
802,Be1H2O2,700.0,103.956
803,Be1H2O2,600.0,99.387
804,Be1H2O2,500.0,92.994
805,Be1H2O2,400.0,82.902
806,Be1H2O2,300.0,66.053
807,Cs1,900.0,37.656
808,Cs1,800.0,37.635
809,Cs1,700.0,37.614
810,Cs1,600.0,37.53
811,Cs1,500.0,37.196
812,Cs1,450.0,36.777
813,Cs1,400.0,36.066
814,Cs1,350.0,34.84
815,Cs1,301.55,32.501
816,Cs1,300.0,32.355
817,Cs1,298.0,32.195
869,Cr1,2700.0,68.467
870,Cr1,2600.0,66.111
871,Cr1,2500.0,63.764
872,Cr1,2400.0,61.425
873,Cr1,2300.0,59.099
874,Cr1,2200.0,56.785
875,Cr1,2130.0,55.174
876,Cr1,2100.0,54.488
877,Cr1,2000.0,52.20399999999999
878,Cr1,1900.0,49.944
879,Cr1,1800.0,47.706
880,Cr1,1700.0,45.50100000000001
881,Cr1,1600.0,43.32899999999999
882,Cr1,1500.0,41.2
883,Cr1,1400.0,39.125
884,Cr1,1300.0,37.116
885,Cr1,1200.0,35.187
886,Cr1,1100.0,33.472
887,Cr1,1000.0,31.861
888,Cr1,900.0,30.501
889,Cr1,800.0,29.434
890,Cr1,700.0,28.577
891,Cr1,600.0,27.719
892,Cr1,500.0,26.631
893,Cr1,450.0,25.983
894,Cr1,400.0,25.23
895,Cr1,350.0,24.393
896,Cr1,311.5,23.681
897,Cr1,300.0,23.472
898,Cr1,298.0,23.434
899,Cs2O4S1,1400.0,256.103
900,Cs2O4S1,1300.0,240.622
901,Cs2O4S1,1278.0,237.233
902,Cs2O4S1,1200.0,225.141
903,Cs2O4S1,1100.0,209.66
904,Cs2O4S1,1000.0,194.179
905,Cs2O4S1,940.0,184.891
906,Cs2O4S1,900.0,178.699
907,Cs2O4S1,800.0,163.218
908,Cs2O4S1,700.0,147.737
909,Cs2O4S1,600.0,132.256
910,Cs2O4S1,500.0,120.081
911,Cs2O4S1,400.0,112.131
912,Cs2O4S1,300.0,108.784
913,Cs2O4S1,298.0,108.7
928,Cu1F2,1900.0,94.558
929,Cu1F2,1800.0,94.558
930,Cu1F2,1700.0,94.558
931,Cu1F2,1600.0,94.433
932,Cu1F2,1500.0,94.224
933,Cu1F2,1400.0,93.847
934,Cu1F2,1300.0,93.303
935,Cu1F2,1200.0,92.55
936,Cu1F2,1109.0,91.713
937,Cu1F2,1100.0,91.588
938,Cu1F2,1000.0,90.374
939,Cu1F2,900.0,88.868
940,Cu1F2,800.0,87.027
941,Cu1F2,700.0,84.81
942,Cu1F2,600.0,81.92299999999999
943,Cu1F2,500.0,77.73899999999998
944,Cu1F2,400.0,72.383
945,Cu1F2,300.0,65.689
946,Cu1F2,298.0,65.55199999999999
976,B1N1,298.0,19.719
977,B1N1,3400.0,48.953
978,B1N1,3300.0,48.953
979,B1N1,3200.0,48.953
980,B1N1,3100.0,48.953
981,B1N1,3000.0,48.953
982,B1N1,2900.0,48.953
983,B1N1,2800.0,48.953
984,B1N1,2700.0,48.953
985,B1N1,2600.0,48.953
986,B1N1,2500.0,48.953
987,B1N1,2400.0,48.953
988,B1N1,2300.0,48.953
989,B1N1,2200.0,48.953
990,B1N1,2100.0,48.953
991,B1N1,2000.0,48.953
992,B1N1,1900.0,48.953
993,B1N1,1800.0,48.953
994,B1N1,1700.0,48.93899999999999
995,B1N1,1600.0,48.911
996,B1N1,1500.0,48.702
997,B1N1,1400.0,48.283
998,B1N1,1300.0,47.698
999,B1N1,1200.0,46.861
1000,B1N1,1100.0,45.815
1001,B1N1,1000.0,44.35
1002,B1N1,900.0,42.593
1003,B1N1,800.0,40.459
1004,B1N1,700.0,38.074
1005,B1N1,600.0,35.229
1006,B1N1,500.0,31.38
1007,B1N1,400.0,26.276
1008,B1N1,300.0,19.849
1009,Co1O4S1,1900.0,173.259
1010,Co1O4S1,1800.0,171.921
1011,Co1O4S1,1700.0,170.498
1012,Co1O4S1,1600.0,169.075
1013,Co1O4S1,1500.0,167.56900000000005
1014,Co1O4S1,1400.0,165.979
1015,Co1O4S1,1300.0,164.30599999999995
1016,Co1O4S1,1200.0,162.465
1017,Co1O4S1,1100.0,160.415
1018,Co1O4S1,1000.0,158.113
1019,Co1O4S1,964.0,156.792
1020,Co1O4S1,964.0,157.221
1021,Co1O4S1,900.0,155.394
1022,Co1O4S1,800.0,152.047
1023,Co1O4S1,700.0,147.27700000000004
1024,Co1O4S1,600.0,140.666
1025,Co1O4S1,500.0,131.545
1026,Co1O4S1,400.0,119.286
1027,Co1O4S1,300.0,103.638
1028,Co1O4S1,298.0,103.219
1029,Cu1O1,1900.0,62.494
1030,Cu1O1,1800.0,61.726000000000006
1031,Cu1O1,1700.0,60.958
1032,Cu1O1,1600.0,60.181
1033,Cu1O1,1500.0,59.395
1034,Cu1O1,1400.0,58.601000000000006
1035,Cu1O1,1300.0,57.8
1036,Cu1O1,1200.0,56.978
1037,Cu1O1,1100.0,56.135
1038,Cu1O1,1000.0,55.262
1039,Cu1O1,900.0,54.34
1040,Cu1O1,800.0,53.349
1041,Cu1O1,700.0,52.24
1042,Cu1O1,600.0,50.935
1043,Cu1O1,500.0,49.261
1044,Cu1O1,400.0,46.806
1045,Cu1O1,300.0,42.364
1046,Cu1O1,298.0,42.246
1047,Br1Na1,298.0,51.4
1048,Br1Na1,1900.0,72.645
1049,Br1Na1,1800.0,71.267
1050,Br1Na1,1700.0,69.925
1051,Br1Na1,1600.0,68.618
1052,Br1Na1,1500.0,67.345
1053,Br1Na1,1400.0,66.107
1054,Br1Na1,1300.0,64.852
1055,Br1Na1,1200.0,63.597
1056,Br1Na1,1100.0,62.342
1057,Br1Na1,1020.0,61.337
1058,Br1Na1,1000.0,61.08600000000001
1059,Br1Na1,900.0,59.831
1060,Br1Na1,800.0,58.576
1061,Br1Na1,700.0,57.32100000000001
1062,Br1Na1,600.0,56.066
1063,Br1Na1,500.0,54.852
1064,Br1Na1,400.0,53.451
1065,Br1Na1,300.0,51.442
1066,Cr2O3,2900.0,146.24200000000005
1067,Cr2O3,2800.0,145.333
1068,Cr2O3,2700.0,144.428
1069,Cr2O3,2603.0,143.553
1070,Cr2O3,2600.0,143.526
1071,Cr2O3,2500.0,142.628
1072,Cr2O3,2400.0,141.733
1073,Cr2O3,2300.0,140.839
1074,Cr2O3,2200.0,139.947
1075,Cr2O3,2100.0,139.056
1076,Cr2O3,2000.0,138.168
1077,Cr2O3,1900.0,136.88
1078,Cr2O3,1800.0,135.457
1079,Cr2O3,1700.0,134.47799999999998
1080,Cr2O3,1600.0,133.486
1081,Cr2O3,1500.0,132.482
1082,Cr2O3,1400.0,131.457
1083,Cr2O3,1300.0,130.411
1084,Cr2O3,1200.0,129.332
1085,Cr2O3,1100.0,128.202
1086,Cr2O3,1000.0,127.009
1087,Cr2O3,900.0,125.725
1088,Cr2O3,800.0,124.29
1089,Cr2O3,700.0,122.625
1090,Cr2O3,600.0,120.549
1091,Cr2O3,500.0,117.721
1092,Cr2O3,400.0,112.675
1093,Cr2O3,305.0,126.775
1094,Cr2O3,300.0,121.922
1095,Cr2O3,298.0,120.366
1096,Cs1F1,1900.0,69.036
1097,Cs1F1,1800.0,68.994
1098,Cs1F1,1700.0,68.91
1099,Cs1F1,1600.0,68.743
1100,Cs1F1,1500.0,68.492
1101,Cs1F1,1400.0,68.157
1102,Cs1F1,1300.0,67.697
1103,Cs1F1,1200.0,66.944
1104,Cs1F1,1100.0,65.85600000000001
1105,Cs1F1,1000.0,64.35
1106,Cs1F1,976.0,63.952
1107,Cs1F1,900.0,62.63399999999999
1108,Cs1F1,800.0,60.877
1109,Cs1F1,700.0,59.12
1110,Cs1F1,600.0,57.363
1111,Cs1F1,500.0,55.56399999999999
1112,Cs1F1,400.0,53.764
1113,Cs1F1,300.0,52.007
1114,Cs1F1,298.0,51.965
1175,Cl1Na1,1400.0,77.53
1176,Cl1Na1,1300.0,75.145
1177,Cl1Na1,1200.0,71.965
1178,Cl1Na1,1100.0,68.325
1179,Cl1Na1,1073.8,67.37100000000001
1180,Cl1Na1,1000.0,64.865
1181,Cl1Na1,900.0,61.869
1182,Cl1Na1,800.0,59.312
1183,Cl1Na1,700.0,57.20399999999999
1184,Cl1Na1,600.0,55.476000000000006
1185,Cl1Na1,500.0,53.94
1186,Cl1Na1,400.0,52.35
1187,Cl1Na1,300.0,50.543
1188,Cl1Na1,298.0,50.50899999999999
1189,F2Hg1,1900.0,108.366
1190,F2Hg1,1800.0,106.274
1191,F2Hg1,1700.0,104.182
1192,F2Hg1,1600.0,102.09
1193,F2Hg1,1500.0,99.998
1194,F2Hg1,1400.0,97.906
1195,F2Hg1,1300.0,95.814
1196,F2Hg1,1200.0,93.722
1197,F2Hg1,1100.0,91.63
1198,F2Hg1,1000.0,89.538
1199,F2Hg1,918.0,87.822
1200,F2Hg1,900.0,87.446
1201,F2Hg1,800.0,85.354
1202,F2Hg1,700.0,83.262
1203,F2Hg1,600.0,81.17
1204,F2Hg1,500.0,79.078
1205,F2Hg1,400.0,76.986
1206,F2Hg1,300.0,74.89399999999998
1207,F2Hg1,298.0,74.85600000000002
1208,Fe1H2O2,1400.0,125.436
1209,Fe1H2O2,1200.0,125.102
1210,Fe1H2O2,1100.0,124.516
1211,Fe1H2O2,1000.0,123.386
1212,Fe1H2O2,900.0,121.545
1213,Fe1H2O2,800.0,118.951
1214,Fe1H2O2,700.0,115.478
1215,Fe1H2O2,600.0,111.294
1216,Fe1H2O2,500.0,106.776
1217,Fe1H2O2,400.0,102.09
1218,Fe1H2O2,300.0,97.152
1219,Fe1H2O2,298.0,97.069
1220,Cs1H1O1,900.0,83.68
1221,Cs1H1O1,800.0,83.68
1222,Cs1H1O1,700.0,83.68
1223,Cs1H1O1,600.0,83.68
1224,Cs1H1O1,588.0,83.68
1225,Cs1H1O1,500.0,83.68
1226,Cs1H1O1,493.0,82.17399999999998
1227,Cs1H1O1,493.0,83.68
1228,Cs1H1O1,410.0,74.99
1229,Cs1H1O1,410.0,75.22800000000002
1230,Cs1H1O1,400.0,74.392
1231,Cs1H1O1,300.0,67.99
1232,Cs1H1O1,298.0,67.872
1233,Br3Mo1,298.0,105.37
1234,Br3Mo1,1400.0,121.503
1235,Br3Mo1,1300.0,120.039
1236,Br3Mo1,1200.0,118.575
1237,Br3Mo1,1100.0,117.11
1238,Br3Mo1,1000.0,115.646
1239,Br3Mo1,900.0,114.181
1240,Br3Mo1,800.0,112.717
1241,Br3Mo1,700.0,111.253
1242,Br3Mo1,600.0,109.788
1243,Br3Mo1,500.0,108.324
1244,Br3Mo1,400.0,106.859
1245,Br3Mo1,300.0,105.395
1246,Br2Sr1,298.0,76.85300000000002
1247,Br2Sr1,1400.0,115.06
1248,Br2Sr1,1300.0,115.06
1249,Br2Sr1,1200.0,115.06
1250,Br2Sr1,1100.0,115.06
1251,Br2Sr1,1000.0,115.06
1252,Br2Sr1,930.0,115.06
1253,Br2Sr1,918.0,91.717
1254,Br2Sr1,918.0,115.06
1255,Br2Sr1,900.0,91.002
1256,Br2Sr1,800.0,87.571
1257,Br2Sr1,700.0,84.89299999999999
1258,Br2Sr1,600.0,82.676
1259,Br2Sr1,500.0,80.835
1260,Br2Sr1,300.0,76.902
1274,Fe1O1,1900.0,65.79
1275,Fe1O1,1800.0,65.229
1276,Fe1O1,1700.0,64.631
1277,Fe1O1,1650.0,64.319
1278,Fe1O1,1600.0,64.015
1279,Fe1O1,1500.0,63.396
1280,Fe1O1,1400.0,62.76
1281,Fe1O1,1300.0,61.975
1282,Fe1O1,1200.0,61.08600000000001
1283,Fe1O1,1100.0,60.234
1284,Fe1O1,1000.0,59.371
1285,Fe1O1,900.0,58.283
1286,Fe1O1,800.0,57.32100000000001
1287,Fe1O1,700.0,56.149
1288,Fe1O1,600.0,54.894
1289,Fe1O1,500.0,53.38800000000001
1290,Fe1O1,400.0,51.84
1291,Fe1O1,300.0,49.999
1292,Fe1O1,298.0,49.915
1344,Cu1H2O2,1400.0,122.047
1345,Cu1H2O2,1300.0,121.88
1346,Cu1H2O2,1200.0,121.503
1347,Cu1H2O2,1100.0,120.75
1348,Cu1H2O2,1000.0,119.662
1349,Cu1H2O2,900.0,117.989
1350,Cu1H2O2,800.0,115.562
1351,Cu1H2O2,700.0,112.131
1352,Cu1H2O2,600.0,108.031
1353,Cu1H2O2,500.0,103.763
1354,Cu1H2O2,400.0,99.496
1355,Cu1H2O2,300.0,95.228
1356,Cu1H2O2,298.0,95.186
1378,Co1F2,1900.0,87.441
1379,Co1F2,1800.0,87.14
1380,Co1F2,1700.0,86.831
1381,Co1F2,1600.0,86.51700000000002
1382,Co1F2,1500.0,86.186
1383,Co1F2,1400.0,85.839
1384,Co1F2,1300.0,85.475
1385,Co1F2,1200.0,85.07700000000001
1386,Co1F2,1100.0,84.646
1387,Co1F2,1000.0,84.161
1388,Co1F2,900.0,83.59200000000001
1389,Co1F2,800.0,82.902
1390,Co1F2,700.0,82.015
1391,Co1F2,600.0,80.789
1392,Co1F2,500.0,78.92699999999998
1393,Co1F2,400.0,75.714
1394,Co1F2,300.0,69.041
1395,Co1F2,298.0,68.90899999999999
1428,Ga1,450.0,27.916
1429,Ga1,400.0,27.46
1430,Ga1,350.0,27.004
1431,Ga1,302.92,26.133000000000006
1432,Ga1,300.0,26.091
1433,Ga1,298.0,26.064
1434,Cl1Li1O4,298.0,105.018
1435,Cl1Li1O4,1400.0,192.771
1436,Cl1Li1O4,1300.0,188.866
1437,Cl1Li1O4,1200.0,184.933
1438,Cl1Li1O4,1100.0,180.972
1439,Cl1Li1O4,1000.0,176.983
1440,Cl1Li1O4,900.0,172.067
1441,Cl1Li1O4,800.0,166.523
1442,Cl1Li1O4,700.0,160.03799999999995
1443,Cl1Li1O4,600.0,152.716
1444,Cl1Li1O4,509.0,144.34
1445,Cl1Li1O4,500.0,143.511
1446,Cl1Li1O4,400.0,129.704
1447,Cl1Li1O4,300.0,105.437
1461,Fe0.947O1,2400.0,64.74
1462,Fe0.947O1,2300.0,64.601
1463,Fe0.947O1,2200.0,64.434
1464,Fe0.947O1,2100.0,64.238
1465,Fe0.947O1,2000.0,64.015
1466,Fe0.947O1,1900.0,63.69600000000001
1467,Fe0.947O1,1800.0,63.304
1468,Fe0.947O1,1700.0,62.787
1469,Fe0.947O1,1600.0,62.065
1470,Fe0.947O1,1500.0,61.212
1471,Fe0.947O1,1400.0,60.358
1472,Fe0.947O1,1300.0,59.496
1473,Fe0.947O1,1200.0,58.63
1474,Fe0.947O1,1100.0,57.76
1475,Fe0.947O1,1000.0,56.87300000000001
1476,Fe0.947O1,900.0,55.969
1477,Fe0.947O1,800.0,55.041
1478,Fe0.947O1,700.0,54.07
1479,Fe0.947O1,600.0,53.028
1480,Fe0.947O1,500.0,51.848
1481,Fe0.947O1,400.0,50.38
1482,Fe0.947O1,300.0,48.183
1483,Fe0.947O1,298.0,48.11600000000001
1484,Be1Cl2,298.0,64.852
1485,Be1Cl2,1400.0,85.234
1486,Be1Cl2,1300.0,85.007
1487,Be1Cl2,1200.0,84.67200000000003
1488,Be1Cl2,1100.0,84.23
1489,Be1Cl2,1000.0,83.68
1490,Be1Cl2,900.0,83.023
1491,Be1Cl2,800.0,82.257
1492,Be1Cl2,700.0,81.358
1493,Be1Cl2,688.0,81.278
1494,Be1Cl2,600.0,80.082
1495,Be1Cl2,500.0,77.53
1496,Be1Cl2,400.0,72.76
1497,Be1Cl2,300.0,65.01899999999999
1498,Cl1K1,298.0,51.287
1499,Cl1K1,1400.0,82.006
1500,Cl1K1,1300.0,79.49600000000002
1501,Cl1K1,1200.0,76.149
1502,Cl1K1,1100.0,71.965
1503,Cl1K1,1044.0,69.28699999999999
1504,Cl1K1,1000.0,66.969
1505,Cl1K1,900.0,62.911
1506,Cl1K1,800.0,60.078
1507,Cl1K1,700.0,58.003
1508,Cl1K1,600.0,56.317
1509,Cl1K1,500.0,54.752
1510,Cl1K1,400.0,53.137
1511,Cl1K1,300.0,51.32899999999999
1541,H3O4P1,900.0,288.361
1542,H3O4P1,800.0,258.069
1543,H3O4P1,700.0,227.777
1544,H3O4P1,600.0,197.485
1545,H3O4P1,500.0,167.19299999999996
1546,H3O4P1,400.0,136.9
1547,H3O4P1,315.5,111.303
1548,H3O4P1,300.0,106.608
1549,H3O4P1,298.0,106.064
1579,H1Na1O1,1400.0,86.023
1580,H1Na1O1,1300.0,86.023
1581,H1Na1O1,1200.0,86.023
1582,H1Na1O1,1100.0,86.023
1583,H1Na1O1,1000.0,86.023
1584,H1Na1O1,900.0,86.023
1585,H1Na1O1,800.0,86.023
1586,H1Na1O1,700.0,86.023
1587,H1Na1O1,600.0,86.023
1588,H1Na1O1,596.0,86.023
1589,H1Na1O1,572.0,85.887
1590,H1Na1O1,572.0,86.023
1591,H1Na1O1,500.0,75.157
1592,H1Na1O1,400.0,64.936
1593,H1Na1O1,300.0,59.664
1594,H1Na1O1,298.0,59.53
1595,Fe2O12S3,1900.0,449.069
1596,Fe2O12S3,1800.0,445.554
1597,Fe2O12S3,1700.0,441.83
1598,Fe2O12S3,1600.0,438.065
1599,Fe2O12S3,1500.0,434.09
1600,Fe2O12S3,1400.0,429.906
1601,Fe2O12S3,1300.0,425.513
1602,Fe2O12S3,1200.0,420.659
1603,Fe2O12S3,1100.0,415.262
1604,Fe2O12S3,1000.0,409.237
1605,Fe2O12S3,900.0,402.041
1606,Fe2O12S3,800.0,393.254
1607,Fe2O12S3,700.0,380.702
1608,Fe2O12S3,600.0,363.297
1609,Fe2O12S3,500.0,339.281
1610,Fe2O12S3,400.0,307.022
1611,Fe2O12S3,300.0,265.851
1612,Fe2O12S3,298.0,264.722
1613,H1Na1,1400.0,63.021
1614,H1Na1,1300.0,62.425
1615,H1Na1,1200.0,61.64100000000001
1616,H1Na1,1100.0,60.668
1617,H1Na1,1000.0,59.413
1618,H1Na1,900.0,57.948
1619,H1Na1,800.0,56.066
1620,H1Na1,700.0,53.723
1621,H1Na1,600.0,50.71
1622,H1Na1,500.0,47.154
1623,H1Na1,400.0,42.468
1624,H1Na1,300.0,36.535
1625,H1Na1,298.0,36.392
1674,H1Li1,1400.0,89.29899999999998
1675,H1Li1,1300.0,83.994
1676,H1Li1,1200.0,78.68
1677,H1Li1,1100.0,73.362
1678,H1Li1,1000.0,68.028
1679,H1Li1,961.8,65.985
1680,H1Li1,900.0,62.676
1681,H1Li1,800.0,57.3
1682,H1Li1,700.0,51.877
1683,H1Li1,600.0,46.38
1684,H1Li1,500.0,40.735
1685,H1Li1,400.0,34.794000000000004
1686,H1Li1,300.0,28.083
1687,H1Li1,298.0,27.957
1709,B1H4Li1,298.0,82.539
1710,B1H4Li1,1900.0,121.502
1711,B1H4Li1,1800.0,121.007
1712,B1H4Li1,1700.0,120.477
1713,B1H4Li1,1600.0,119.913
1714,B1H4Li1,1500.0,119.316
1715,B1H4Li1,1400.0,118.684
1716,B1H4Li1,1300.0,118.019
1717,B1H4Li1,1200.0,117.319
1718,B1H4Li1,1100.0,116.392
1719,B1H4Li1,1000.0,115.353
1720,B1H4Li1,900.0,114.349
1721,B1H4Li1,800.0,113.052
1722,B1H4Li1,700.0,109.914
1723,B1H4Li1,600.0,105.144
1724,B1H4Li1,500.0,98.282
1725,B1H4Li1,400.0,91.002
1726,B1H4Li1,300.0,82.98899999999998
1727,Hg1O1,900.0,58.62600000000001
1728,Hg1O1,800.0,57.50899999999999
1729,Hg1O1,700.0,56.066
1730,Hg1O1,600.0,54.12
1731,Hg1O1,500.0,51.631
1732,Hg1O1,400.0,48.325
1733,Hg1O1,300.0,44.145
1734,Hg1O1,298.0,44.062
1791,I2Mo1,1400.0,96.445
1792,I2Mo1,1300.0,95.199
1793,I2Mo1,1200.0,93.952
1794,I2Mo1,1100.0,92.705
1795,I2Mo1,1000.0,91.458
1796,I2Mo1,900.0,90.211
1797,I2Mo1,800.0,88.964
1798,I2Mo1,700.0,87.71799999999998
1799,I2Mo1,600.0,86.471
1800,I2Mo1,500.0,85.22399999999998
1801,I2Mo1,400.0,83.977
1802,I2Mo1,300.0,82.73
1803,I2Mo1,298.0,82.705
1845,Fe1H3O3,1400.0,174.68200000000004
1846,Fe1H3O3,1300.0,173.218
1847,Fe1H3O3,1200.0,171.12599999999995
1848,Fe1H3O3,1100.0,168.40599999999995
1849,Fe1H3O3,1000.0,164.85
1850,Fe1H3O3,900.0,160.247
1851,Fe1H3O3,800.0,154.808
1852,Fe1H3O3,700.0,148.114
1853,Fe1H3O3,600.0,140.582
1854,Fe1H3O3,500.0,129.704
1855,Fe1H3O3,400.0,117.989
1856,Fe1H3O3,300.0,102.09
1857,Fe1H3O3,298.0,101.671
1881,Al1I3,298.0,98.91
1882,Al1I3,1400.0,129.501
1883,Al1I3,1300.0,129.319
1884,Al1I3,1200.0,129.16
1885,Al1I3,1100.0,128.875
1886,Al1I3,1000.0,128.44899999999998
1887,Al1I3,900.0,127.901
1888,Al1I3,800.0,126.918
1889,Al1I3,700.0,125.063
1890,Al1I3,600.0,121.986
1891,Al1I3,500.0,116.901
1892,Al1I3,464.15,114.614
1893,Al1I3,400.0,108.533
1894,Al1I3,300.0,99.077
1895,Fe1S1,1800.0,99.67
1896,Fe1S1,1700.0,91.174
1897,Fe1S1,1600.0,83.65299999999998
1898,Fe1S1,1500.0,77.10600000000002
1899,Fe1S1,1463.0,74.93
1900,Fe1S1,1400.0,71.533
1901,Fe1S1,1300.0,66.935
1902,Fe1S1,1200.0,63.31100000000001
1903,Fe1S1,1100.0,60.662
1904,Fe1S1,1000.0,58.986
1905,Fe1S1,900.0,58.286
1906,Fe1S1,800.0,58.56
1907,Fe1S1,700.0,59.808
1908,Fe1S1,600.0,62.03
1909,Fe1S1,598.0,72.358
1910,Fe1S1,598.0,62.085
1911,Fe1S1,500.0,72.358
1912,Fe1S1,411.0,95.051
1913,Fe1S1,411.0,72.358
1914,Fe1S1,400.0,89.20299999999997
1915,Fe1S1,300.0,50.67100000000001
1916,Fe1S1,298.0,50.517
1917,Al2Cl9K3,298.0,337.23
1918,Al2Cl9K3,1400.0,466.934
1919,Al2Cl9K3,1300.0,452.1230000000001
1920,Al2Cl9K3,1200.0,438.818
1921,Al2Cl9K3,1100.0,427.019
1922,Al2Cl9K3,1000.0,416.726
1923,Al2Cl9K3,900.0,407.94
1924,Al2Cl9K3,800.0,400.66
1925,Al2Cl9K3,700.0,390.807
1926,Al2Cl9K3,600.0,379.74
1927,Al2Cl9K3,500.0,367.272
1928,Al2Cl9K3,400.0,353.13
1929,Al2Cl9K3,300.0,337.858
1939,I4Zr1,900.0,138.365
1940,I4Zr1,800.0,137.15200000000002
1941,I4Zr1,700.0,135.938
1942,I4Zr1,600.0,134.599
1943,I4Zr1,500.0,133.009
1944,I4Zr1,400.0,131.001
1945,I4Zr1,300.0,127.88
1946,I4Zr1,298.0,127.8
1947,Hg1I2,1400.0,84.119
1948,Hg1I2,1300.0,84.119
1949,Hg1I2,1200.0,84.119
1950,Hg1I2,1100.0,84.119
1951,Hg1I2,1000.0,84.119
1952,Hg1I2,900.0,84.119
1953,Hg1I2,800.0,84.119
1954,Hg1I2,700.0,84.119
1955,Hg1I2,600.0,84.119
1956,Hg1I2,530.0,84.119
1957,Hg1I2,500.0,84.119
1958,Hg1I2,402.0,82.09
1959,Hg1I2,402.0,84.119
1960,Hg1I2,400.0,82.006
1961,Hg1I2,300.0,77.822
1962,Hg1I2,298.0,77.747
1963,H4I1N1,1900.0,153.599
1964,H4I1N1,1800.0,157.144
1965,H4I1N1,1700.0,159.166
1966,H4I1N1,1600.0,159.666
1967,H4I1N1,1500.0,158.643
1968,H4I1N1,1400.0,156.09799999999996
1969,H4I1N1,1300.0,152.03
1970,H4I1N1,1200.0,146.44
1971,H4I1N1,1100.0,139.327
1972,H4I1N1,1000.0,132.089
1973,H4I1N1,900.0,124.976
1974,H4I1N1,800.0,117.696
1975,H4I1N1,700.0,110.458
1976,H4I1N1,600.0,103.261
1977,H4I1N1,500.0,96.148
1978,H4I1N1,400.0,88.99799999999998
1979,H4I1N1,300.0,81.881
1980,H4I1N1,298.0,81.755
2007,F2Hg2,1400.0,125.825
2008,F2Hg2,1300.0,124.872
2009,F2Hg2,1200.0,123.709
2010,F2Hg2,1100.0,122.334
2011,F2Hg2,1000.0,120.748
2012,F2Hg2,900.0,118.951
2013,F2Hg2,800.0,116.943
2014,F2Hg2,700.0,114.516
2015,F2Hg2,600.0,111.671
2016,F2Hg2,500.0,108.407
2017,F2Hg2,400.0,104.684
2018,F2Hg2,300.0,100.5
2019,F2Hg2,298.0,100.416
2020,I2Sr1,1400.0,108.24
2021,I2Sr1,1300.0,105.493
2022,I2Sr1,1200.0,102.717
2023,I2Sr1,1100.0,99.971
2024,I2Sr1,1000.0,97.236
2025,I2Sr1,900.0,94.492
2026,I2Sr1,811.0,92.048
2027,I2Sr1,800.0,91.755
2028,I2Sr1,700.0,88.994
2029,I2Sr1,600.0,86.274
2030,I2Sr1,500.0,83.51299999999998
2031,I2Sr1,400.0,80.751
2032,I2Sr1,300.0,78.032
2033,I2Sr1,298.0,77.94800000000002
2034,C1K2O3,298.0,114.437
2035,C1K2O3,1900.0,273.29900000000004
2036,C1K2O3,1800.0,263.927
2037,C1K2O3,1700.0,254.555
2038,C1K2O3,1600.0,245.182
2039,C1K2O3,1500.0,235.81
2040,C1K2O3,1400.0,226.438
2041,C1K2O3,1300.0,217.066
2042,C1K2O3,1200.0,207.695
2043,C1K2O3,1174.0,205.259
2044,C1K2O3,1100.0,198.321
2045,C1K2O3,1000.0,188.949
2046,C1K2O3,900.0,179.515
2047,C1K2O3,800.0,170.043
2048,C1K2O3,700.0,160.483
2049,C1K2O3,600.0,150.666
2050,C1K2O3,500.0,140.049
2051,C1K2O3,400.0,128.135
2052,C1K2O3,300.0,114.699
2073,H2O4W1,900.0,182.422
2074,H2O4W1,800.0,176.565
2075,H2O4W1,700.0,170.707
2076,H2O4W1,600.0,159.829
2077,H2O4W1,500.0,146.44
2078,H2O4W1,400.0,129.704
2079,H2O4W1,300.0,112.968
2080,H2O4W1,298.0,112.633
2081,Ca1S1,298.0,47.442
2082,Ca1S1,2900.0,61.42100000000001
2083,Ca1S1,2800.0,61.045
2084,Ca1S1,2700.0,60.668
2085,Ca1S1,2600.0,60.291
2086,Ca1S1,2500.0,59.899
2087,Ca1S1,2400.0,59.496
2088,Ca1S1,2300.0,59.115
2089,Ca1S1,2200.0,58.743
2090,Ca1S1,2100.0,58.382
2091,Ca1S1,2000.0,58.032
2092,Ca1S1,1800.0,57.195
2093,Ca1S1,1700.0,56.761
2094,Ca1S1,1600.0,56.317
2095,Ca1S1,1500.0,55.987
2096,Ca1S1,1400.0,55.731
2097,Ca1S1,1300.0,55.39100000000001
2098,Ca1S1,1200.0,55.02
2099,Ca1S1,1100.0,54.58600000000001
2100,Ca1S1,1000.0,54.099
2101,Ca1S1,900.0,53.555
2102,Ca1S1,800.0,53.011
2103,Ca1S1,700.0,52.342
2104,Ca1S1,600.0,51.547
2105,Ca1S1,500.0,50.50100000000001
2106,Ca1S1,400.0,49.20399999999999
2107,Ca1S1,300.0,47.447
2108,K2O4S1,1100.0,239.365
2109,K2O4S1,1000.0,226.116
2110,K2O4S1,900.0,212.865
2111,K2O4S1,857.0,207.169
2112,K2O4S1,800.0,199.61900000000003
2113,K2O4S1,700.0,186.368
2114,K2O4S1,600.0,172.52700000000004
2115,K2O4S1,500.0,160.733
2116,K2O4S1,400.0,147.649
2117,K2O4S1,300.0,131.666
2118,K2O4S1,298.0,131.319
2119,I2Mg1,1400.0,93.763
2120,I2Mg1,1300.0,92.634
2121,I2Mg1,1200.0,91.462
2122,I2Mg1,1100.0,90.249
2123,I2Mg1,1000.0,88.994
2124,I2Mg1,907.0,87.86399999999998
2125,I2Mg1,900.0,87.655
2126,I2Mg1,800.0,86.274
2127,I2Mg1,700.0,84.726
2128,I2Mg1,600.0,83.01100000000002
2129,I2Mg1,500.0,80.919
2130,I2Mg1,400.0,78.408
2131,I2Mg1,300.0,74.977
2132,I2Mg1,298.0,74.81
2133,Mg1O3Si1,2400.0,122.432
2134,Mg1O3Si1,2300.0,122.432
2135,Mg1O3Si1,2200.0,122.432
2136,Mg1O3Si1,2100.0,122.432
2137,Mg1O3Si1,2000.0,122.432
2138,Mg1O3Si1,1900.0,122.432
2139,Mg1O3Si1,1850.0,122.432
2140,Mg1O3Si1,1800.0,122.432
2141,Mg1O3Si1,1700.0,122.432
2142,Mg1O3Si1,1600.0,122.432
2143,Mg1O3Si1,1500.0,122.432
2144,Mg1O3Si1,1400.0,122.432
2145,Mg1O3Si1,1300.0,122.432
2146,Mg1O3Si1,1258.0,120.34
2147,Mg1O3Si1,1258.0,122.432
2148,Mg1O3Si1,1200.0,120.34
2149,Mg1O3Si1,1100.0,120.34
2150,Mg1O3Si1,1000.0,120.34
2151,Mg1O3Si1,903.0,119.788
2152,Mg1O3Si1,903.0,120.34
2153,Mg1O3Si1,900.0,119.675
2154,Mg1O3Si1,800.0,115.78
2155,Mg1O3Si1,700.0,111.621
2156,Mg1O3Si1,600.0,106.997
2157,Mg1O3Si1,500.0,101.512
2158,Mg1O3Si1,400.0,94.194
2159,Mg1O3Si1,300.0,82.228
2160,Mg1O3Si1,298.0,81.927
2161,Li3N1,1200.0,156.108
2162,Li3N1,1100.0,148.69299999999996
2163,Li3N1,1000.0,140.95
2164,Li3N1,900.0,132.84
2165,Li3N1,800.0,124.38
2166,Li3N1,700.0,115.58
2167,Li3N1,600.0,106.43
2168,Li3N1,500.0,96.94
2169,Li3N1,400.0,87.1
2170,Li3N1,300.0,75.544
2171,Li3N1,298.0,75.266
2185,H2Mg1,1900.0,74.883
2186,H2Mg1,1800.0,74.475
2187,H2Mg1,1700.0,74.08800000000002
2188,H2Mg1,1600.0,73.722
2189,H2Mg1,1500.0,73.204
2190,H2Mg1,1400.0,72.592
2191,H2Mg1,1300.0,71.76100000000002
2192,H2Mg1,1200.0,70.751
2193,H2Mg1,1100.0,69.486
2194,H2Mg1,1000.0,67.99
2195,H2Mg1,900.0,65.898
2196,H2Mg1,800.0,63.095
2197,H2Mg1,700.0,59.538
2198,H2Mg1,600.0,55.229
2199,H2Mg1,500.0,49.999
2200,H2Mg1,400.0,43.304
2201,H2Mg1,300.0,35.51
2202,H2Mg1,298.0,35.334
2203,I2Ti1,1900.0,97.889
2204,I2Ti1,1800.0,97.161
2205,I2Ti1,1700.0,96.433
2206,I2Ti1,1600.0,95.705
2207,I2Ti1,1500.0,94.977
2208,I2Ti1,1400.0,94.249
2209,I2Ti1,1300.0,93.521
2210,I2Ti1,1200.0,92.793
2211,I2Ti1,1100.0,92.065
2212,I2Ti1,1000.0,91.337
2213,I2Ti1,900.0,90.609
2214,I2Ti1,800.0,89.881
2215,I2Ti1,700.0,89.15299999999998
2216,I2Ti1,600.0,88.425
2217,I2Ti1,500.0,87.697
2218,I2Ti1,400.0,86.969
2219,I2Ti1,300.0,86.241
2220,I2Ti1,298.0,86.228
2221,H1K1,1400.0,63.301
2222,H1K1,1300.0,62.701
2223,H1K1,1200.0,61.923
2224,H1K1,1100.0,60.966
2225,H1K1,1000.0,59.831
2226,H1K1,900.0,58.44
2227,H1K1,800.0,56.819
2228,H1K1,700.0,54.606
2229,H1K1,600.0,51.923
2230,H1K1,500.0,48.534
2231,H1K1,400.0,44.14100000000001
2232,H1K1,300.0,38.074
2233,H1K1,298.0,37.907
2234,Mg1O4W1,1900.0,195.602
2235,Mg1O4W1,1800.0,191.0
2236,Mg1O4W1,1700.0,186.606
2237,Mg1O4W1,1600.0,182.004
2238,Mg1O4W1,1500.0,177.611
2239,Mg1O4W1,1400.0,173.00799999999995
2240,Mg1O4W1,1300.0,168.615
2241,Mg1O4W1,1200.0,164.013
2242,Mg1O4W1,1100.0,159.41
2243,Mg1O4W1,1000.0,154.808
2244,Mg1O4W1,900.0,150.415
2245,Mg1O4W1,800.0,146.14700000000005
2246,Mg1O4W1,700.0,141.67
2247,Mg1O4W1,600.0,137.026
2248,Mg1O4W1,500.0,131.58700000000002
2249,Mg1O4W1,400.0,123.428
2250,Mg1O4W1,300.0,109.621
2251,Mg1O4W1,298.0,109.077
2255,H1K1O1,298.0,64.89399999999999
2256,H1K1O1,1400.0,78.65899999999998
2257,H1K1O1,1300.0,78.65899999999998
2258,H1K1O1,1200.0,78.65899999999998
2259,H1K1O1,1100.0,78.65899999999998
2260,H1K1O1,1000.0,78.65899999999998
2261,H1K1O1,900.0,78.65899999999998
2262,H1K1O1,800.0,78.65899999999998
2263,H1K1O1,700.0,78.65899999999998
2264,H1K1O1,679.0,78.65899999999998
2265,H1K1O1,600.0,78.65899999999998
2266,H1K1O1,516.0,80.961
2267,H1K1O1,516.0,78.65899999999998
2268,H1K1O1,500.0,79.58
2269,H1K1O1,400.0,71.672
2270,H1K1O1,300.0,65.01100000000001
2271,I2,600.0,96.816
2272,I2,500.0,81.207
2273,I2,450.0,73.402
2274,I2,400.0,65.598
2275,I2,386.75,63.545
2276,I2,350.0,58.605
2277,I2,300.0,54.506
2278,I2,298.0,54.43600000000001
2279,Mn1,1800.0,48.44600000000001
2280,Mn1,1700.0,47.624
2281,Mn1,1600.0,46.803
2282,Mn1,1519.0,46.108
2283,Mn1,1500.0,45.982
2284,Mn1,1412.0,43.514
2285,Mn1,1412.0,45.229
2286,Mn1,1400.0,43.43
2287,Mn1,1361.0,39.204
2288,Mn1,1361.0,43.095
2289,Mn1,1300.0,38.953
2290,Mn1,1200.0,38.535
2291,Mn1,1100.0,38.116
2292,Mn1,1000.0,37.698
2293,Mn1,980.0,37.545
2294,Mn1,980.0,37.572
2295,Mn1,900.0,36.384
2296,Mn1,800.0,34.915
2297,Mn1,700.0,33.426
2298,Mn1,600.0,31.899
2299,Mn1,500.0,30.292
2300,Mn1,450.0,30.02
2301,Mn1,400.0,28.527
2302,Mn1,350.0,27.516
2303,Mn1,300.0,26.347
2304,Mn1,298.0,26.299
2305,F1K1,298.0,48.982
2306,F1K1,1900.0,71.128
2307,F1K1,1800.0,71.128
2308,F1K1,1700.0,71.128
2309,F1K1,1600.0,70.919
2310,F1K1,1500.0,70.5
2311,F1K1,1400.0,69.789
2312,F1K1,1300.0,68.618
2313,F1K1,1200.0,66.777
2314,F1K1,1131.0,64.852
2315,F1K1,1100.0,63.848
2316,F1K1,1000.0,61.17
2317,F1K1,900.0,59.078
2318,F1K1,800.0,57.404
2319,F1K1,700.0,55.856
2320,F1K1,600.0,54.26600000000001
2321,F1K1,500.0,52.718
2322,F1K1,400.0,51.045
2323,F1K1,300.0,49.022
2324,Li2O3Si1,2400.0,186.461
2325,Li2O3Si1,2300.0,184.565
2326,Li2O3Si1,2200.0,182.59
2327,Li2O3Si1,2100.0,180.537
2328,Li2O3Si1,2000.0,178.40599999999995
2329,Li2O3Si1,1900.0,176.188
2330,Li2O3Si1,1800.0,173.887
2331,Li2O3Si1,1700.0,171.502
2332,Li2O3Si1,1600.0,169.03400000000005
2333,Li2O3Si1,1500.0,166.523
2334,Li2O3Si1,1474.0,165.856
2335,Li2O3Si1,1400.0,163.942
2336,Li2O3Si1,1300.0,161.293
2337,Li2O3Si1,1200.0,158.57399999999996
2338,Li2O3Si1,1100.0,155.576
2339,Li2O3Si1,1000.0,152.30200000000005
2340,Li2O3Si1,900.0,148.565
2341,Li2O3Si1,800.0,144.43200000000004
2342,Li2O3Si1,700.0,139.649
2343,Li2O3Si1,600.0,134.306
2344,Li2O3Si1,500.0,127.809
2345,Li2O3Si1,400.0,118.826
2346,Li2O3Si1,300.0,101.01
2347,Li2O3Si1,298.0,100.567
2348,K2O1,1900.0,150.083
2349,K2O1,1800.0,145.993
2350,K2O1,1700.0,141.91
2351,K2O1,1600.0,137.833
2352,K2O1,1500.0,133.762
2353,K2O1,1400.0,129.69899999999998
2354,K2O1,1300.0,125.642
2355,K2O1,1200.0,121.592
2356,K2O1,1100.0,117.549
2357,K2O1,1000.0,113.512
2358,K2O1,900.0,109.455
2359,K2O1,800.0,105.395
2360,K2O1,700.0,101.384
2361,K2O1,600.0,97.404
2362,K2O1,500.0,94.266
2363,K2O1,400.0,91.546
2364,K2O1,300.0,83.889
2365,K2O1,298.0,83.68
2366,Mg1O4S1,2400.0,186.259
2367,Mg1O4S1,2300.0,185.067
2368,Mg1O4S1,2200.0,183.807
2369,Mg1O4S1,2100.0,182.468
2370,Mg1O4S1,2000.0,181.033
2371,Mg1O4S1,1900.0,179.477
2372,Mg1O4S1,1800.0,177.778
2373,Mg1O4S1,1700.0,175.895
2374,Mg1O4S1,1600.0,173.787
2375,Mg1O4S1,1500.0,171.389
2376,Mg1O4S1,1400.0,168.61900000000003
2377,Mg1O4S1,1300.0,165.352
2378,Mg1O4S1,1200.0,161.41899999999995
2379,Mg1O4S1,1100.0,156.691
2380,Mg1O4S1,1000.0,151.67
2381,Mg1O4S1,900.0,146.231
2382,Mg1O4S1,800.0,140.499
2383,Mg1O4S1,700.0,134.306
2384,Mg1O4S1,600.0,127.612
2385,Mg1O4S1,500.0,119.411
2386,Mg1O4S1,400.0,109.997
2387,Mg1O4S1,300.0,96.441
2388,Mg1O4S1,298.0,96.232
2389,Al1Na1O2,298.0,73.638
2390,Al1Na1O2,2900.0,129.243
2391,Al1Na1O2,2800.0,128.666
2392,Al1Na1O2,2700.0,127.973
2393,Al1Na1O2,2600.0,127.163
2394,Al1Na1O2,2500.0,126.237
2395,Al1Na1O2,2400.0,125.194
2396,Al1Na1O2,2300.0,124.034
2397,Al1Na1O2,2200.0,122.759
2398,Al1Na1O2,2100.0,121.366
2399,Al1Na1O2,2000.0,119.858
2400,Al1Na1O2,1900.0,118.233
2401,Al1Na1O2,1800.0,116.491
2402,Al1Na1O2,1700.0,114.751
2403,Al1Na1O2,1600.0,112.943
2404,Al1Na1O2,1500.0,111.169
2405,Al1Na1O2,1400.0,109.395
2406,Al1Na1O2,1300.0,107.621
2407,Al1Na1O2,1200.0,105.847
2408,Al1Na1O2,1100.0,104.073
2409,Al1Na1O2,1000.0,102.299
2410,Al1Na1O2,900.0,100.525
2411,Al1Na1O2,800.0,98.751
2412,Al1Na1O2,740.0,99.788
2413,Al1Na1O2,740.0,97.696
2414,Al1Na1O2,700.0,98.291
2415,Al1Na1O2,600.0,94.27
2416,Al1Na1O2,500.0,89.56299999999997
2417,Al1Na1O2,400.0,83.412
2418,Al1Na1O2,300.0,73.889
2419,Mo1O2.889,1400.0,124.679
2420,Mo1O2.889,1300.0,119.846
2421,Mo1O2.889,1200.0,115.105
2422,Mo1O2.889,1100.0,110.476
2423,Mo1O2.889,1000.0,105.973
2424,Mo1O2.889,900.0,101.611
2425,Mo1O2.889,800.0,97.415
2426,Mo1O2.889,700.0,93.383
2427,Mo1O2.889,600.0,89.48700000000002
2428,Mo1O2.889,500.0,85.55
2429,Mo1O2.889,400.0,80.923
2430,Mo1O2.889,300.0,72.995
2431,Mo1O2.889,298.0,72.77199999999998
2432,Mo1O2.750,1400.0,119.553
2433,Mo1O2.750,1300.0,115.05
2434,Mo1O2.750,1200.0,110.638
2435,Mo1O2.750,1100.0,106.331
2436,Mo1O2.750,1000.0,102.139
2437,Mo1O2.750,900.0,98.072
2438,Mo1O2.750,800.0,94.145
2439,Mo1O2.750,700.0,90.344
2440,Mo1O2.750,600.0,86.626
2441,Mo1O2.750,500.0,82.79700000000003
2442,Mo1O2.750,400.0,78.208
2443,Mo1O2.750,300.0,70.354
2444,Mo1O2.750,298.0,70.135
2445,N0.465V1,3400.0,66.777
2446,N0.465V1,3300.0,65.898
2447,N0.465V1,3200.0,65.01899999999999
2448,N0.465V1,3100.0,64.141
2449,N0.465V1,3000.0,63.304
2450,N0.465V1,2900.0,62.425
2451,N0.465V1,2800.0,61.505
2452,N0.465V1,2700.0,60.584
2453,N0.465V1,2600.0,59.622
2454,N0.465V1,2500.0,58.743
2455,N0.465V1,2400.0,57.907
2456,N0.465V1,2300.0,56.902
2457,N0.465V1,2200.0,55.94
2458,N0.465V1,2100.0,54.93600000000001
2459,N0.465V1,2000.0,53.974
2460,N0.465V1,1900.0,52.928
2461,N0.465V1,1800.0,51.999
2462,N0.465V1,1700.0,50.823
2463,N0.465V1,1600.0,49.643
2464,N0.465V1,1500.0,48.455
2465,N0.465V1,1400.0,47.262
2466,N0.465V1,1300.0,46.066
2467,N0.465V1,1200.0,44.852
2468,N0.465V1,1100.0,43.627
2469,N0.465V1,1000.0,42.37600000000001
2470,N0.465V1,900.0,41.095
2471,N0.465V1,800.0,39.765
2472,N0.465V1,700.0,38.359
2473,N0.465V1,600.0,36.815
2474,N0.465V1,500.0,35.016
2475,N0.465V1,400.0,32.677
2476,N0.465V1,300.0,28.971
2477,N0.465V1,298.0,28.877
2478,Mg2O4Ti1,2900.0,243.086
2479,Mg2O4Ti1,2800.0,240.685
2480,Mg2O4Ti1,2700.0,238.212
2481,Mg2O4Ti1,2600.0,235.668
2482,Mg2O4Ti1,2500.0,233.049
2483,Mg2O4Ti1,2400.0,230.358
2484,Mg2O4Ti1,2300.0,227.593
2485,Mg2O4Ti1,2200.0,224.752
2486,Mg2O4Ti1,2100.0,221.831
2487,Mg2O4Ti1,2013.0,219.233
2488,Mg2O4Ti1,1900.0,215.765
2489,Mg2O4Ti1,1800.0,212.61
2490,Mg2O4Ti1,1700.0,209.367
2491,Mg2O4Ti1,1600.0,206.041
2492,Mg2O4Ti1,1500.0,202.614
2493,Mg2O4Ti1,1400.0,199.091
2494,Mg2O4Ti1,1300.0,195.456
2495,Mg2O4Ti1,1200.0,191.69
2496,Mg2O4Ti1,1100.0,187.778
2497,Mg2O4Ti1,1000.0,183.686
2498,Mg2O4Ti1,900.0,179.36
2499,Mg2O4Ti1,800.0,174.707
2500,Mg2O4Ti1,700.0,169.582
2501,Mg2O4Ti1,600.0,163.686
2502,Mg2O4Ti1,500.0,156.41
2503,Mg2O4Ti1,400.0,146.285
2504,Mg2O4Ti1,300.0,129.026
2505,Mg2O4Ti1,298.0,128.57399999999998
2506,K1O2,1400.0,96.148
2507,K1O2,1300.0,95.981
2508,K1O2,1200.0,95.73
2509,K1O2,1100.0,95.395
2510,K1O2,1000.0,94.893
2511,K1O2,900.0,94.224
2512,K1O2,800.0,93.22
2513,K1O2,700.0,91.922
2514,K1O2,600.0,90.165
2515,K1O2,500.0,87.655
2516,K1O2,400.0,83.889
2517,K1O2,300.0,77.613
2518,K1O2,298.0,77.53
2597,Li2O3Ti1,2900.0,223.426
2598,Li2O3Ti1,2800.0,220.078
2599,Li2O3Ti1,2700.0,216.731
2600,Li2O3Ti1,2600.0,213.384
2601,Li2O3Ti1,2500.0,210.037
2602,Li2O3Ti1,2400.0,206.69
2603,Li2O3Ti1,2300.0,203.342
2604,Li2O3Ti1,2200.0,199.995
2605,Li2O3Ti1,2100.0,196.648
2606,Li2O3Ti1,2000.0,193.301
2607,Li2O3Ti1,1900.0,189.954
2608,Li2O3Ti1,1820.0,187.276
2609,Li2O3Ti1,1800.0,186.606
2610,Li2O3Ti1,1700.0,183.259
2611,Li2O3Ti1,1600.0,179.912
2612,Li2O3Ti1,1500.0,176.565
2613,Li2O3Ti1,1485.0,160.344
2614,Li2O3Ti1,1485.0,176.063
2615,Li2O3Ti1,1400.0,159.494
2616,Li2O3Ti1,1300.0,158.49
2617,Li2O3Ti1,1200.0,157.31799999999996
2618,Li2O3Ti1,1100.0,155.812
2619,Li2O3Ti1,1000.0,153.888
2620,Li2O3Ti1,900.0,151.67
2621,Li2O3Ti1,800.0,149.034
2622,Li2O3Ti1,700.0,145.85399999999996
2623,Li2O3Ti1,600.0,141.503
2624,Li2O3Ti1,500.0,135.645
2625,Li2O3Ti1,400.0,127.361
2626,Li2O3Ti1,300.0,110.75
2627,Li2O3Ti1,298.0,109.855
2628,I4Mo1,500.0,137.19299999999998
2629,I4Mo1,400.0,137.19299999999998
2630,I4Mo1,300.0,137.19299999999998
2631,I4Mo1,298.0,137.19299999999998
2720,Cu2O5S1,298.0,141.043
2721,Cu2O5S1,1400.0,230.329
2722,Cu2O5S1,1300.0,226.313
2723,Cu2O5S1,1200.0,221.752
2724,Cu2O5S1,1100.0,217.15
2725,Cu2O5S1,1000.0,212.547
2726,Cu2O5S1,900.0,207.526
2727,Cu2O5S1,800.0,202.129
2728,Cu2O5S1,700.0,195.811
2729,Cu2O5S1,600.0,187.82
2730,Cu2O5S1,500.0,176.983
2731,Cu2O5S1,400.0,162.339
2732,Cu2O5S1,300.0,141.41899999999995
2733,K2O2,1900.0,200.782
2734,K2O2,1800.0,194.857
2735,K2O2,1700.0,188.916
2736,K2O2,1600.0,182.958
2737,K2O2,1500.0,176.983
2738,K2O2,1400.0,170.99200000000005
2739,K2O2,1300.0,164.983
2740,K2O2,1200.0,158.959
2741,K2O2,1100.0,152.917
2742,K2O2,1000.0,146.858
2743,K2O2,900.0,140.798
2744,K2O2,800.0,134.725
2745,K2O2,700.0,127.952
2746,K2O2,600.0,120.708
2747,K2O2,500.0,115.478
2748,K2O2,400.0,107.11
2749,K2O2,300.0,100.374
2750,K2O2,298.0,100.165
2751,Mg1O3Ti1,2900.0,158.30200000000005
2752,Mg1O3Ti1,2800.0,156.615
2753,Mg1O3Ti1,2700.0,154.975
2754,Mg1O3Ti1,2600.0,153.381
2755,Mg1O3Ti1,2500.0,151.825
2756,Mg1O3Ti1,2400.0,150.31
2757,Mg1O3Ti1,2300.0,148.833
2758,Mg1O3Ti1,2200.0,147.394
2759,Mg1O3Ti1,2100.0,145.98
2760,Mg1O3Ti1,2000.0,144.595
2761,Mg1O3Ti1,1953.0,143.94899999999996
2762,Mg1O3Ti1,1900.0,143.231
2763,Mg1O3Ti1,1800.0,141.879
2764,Mg1O3Ti1,1700.0,140.532
2765,Mg1O3Ti1,1600.0,139.185
2766,Mg1O3Ti1,1500.0,137.821
2767,Mg1O3Ti1,1400.0,136.423
2768,Mg1O3Ti1,1300.0,134.972
2769,Mg1O3Ti1,1200.0,133.43200000000002
2770,Mg1O3Ti1,1100.0,131.775
2771,Mg1O3Ti1,1000.0,129.938
2772,Mg1O3Ti1,900.0,127.846
2773,Mg1O3Ti1,800.0,125.382
2774,Mg1O3Ti1,700.0,122.353
2775,Mg1O3Ti1,600.0,118.453
2776,Mg1O3Ti1,500.0,113.123
2777,Mg1O3Ti1,400.0,105.244
2778,Mg1O3Ti1,300.0,92.203
2779,Mg1O3Ti1,298.0,91.881
2780,Na2S2,900.0,132.164
2781,Na2S2,800.0,126.591
2782,Na2S2,753.0,123.972
2783,Na2S2,700.0,121.018
2784,Na2S2,600.0,115.445
2785,Na2S2,500.0,109.872
2786,Na2S2,400.0,104.299
2787,Na2S2,300.0,98.726
2788,Na2S2,298.0,98.625
2789,I3Ti1,298.0,116.771
2790,I3Ti1,1400.0,124.792
2791,I3Ti1,1300.0,124.064
2792,I3Ti1,1200.0,123.336
2793,I3Ti1,1100.0,122.608
2794,I3Ti1,1000.0,121.88
2795,I3Ti1,900.0,121.152
2796,I3Ti1,800.0,120.424
2797,I3Ti1,700.0,119.696
2798,I3Ti1,600.0,118.968
2799,I3Ti1,500.0,118.24
2800,I3Ti1,400.0,117.512
2801,I3Ti1,300.0,116.784
2802,Li2O2,1900.0,163.628
2803,Li2O2,1800.0,159.005
2804,Li2O2,1700.0,154.31799999999996
2805,Li2O2,1600.0,149.57
2806,Li2O2,1500.0,144.766
2807,Li2O2,1400.0,139.905
2808,Li2O2,1300.0,134.98
2809,Li2O2,1200.0,129.997
2810,Li2O2,1100.0,124.892
2811,Li2O2,1000.0,119.704
2812,Li2O2,900.0,114.432
2813,Li2O2,800.0,109.077
2814,Li2O2,700.0,103.428
2815,Li2O2,600.0,97.445
2816,Li2O2,500.0,90.793
2817,Li2O2,400.0,82.676
2818,Li2O2,300.0,70.919
2819,Li2O2,298.0,70.626
2820,I3Zr1,298.0,103.818
2821,I3Zr1,1900.0,107.947
2822,I3Zr1,1800.0,107.905
2823,I3Zr1,1700.0,107.864
2824,I3Zr1,1600.0,107.822
2825,I3Zr1,1500.0,107.78
2826,I3Zr1,1400.0,107.738
2827,I3Zr1,1300.0,107.696
2828,I3Zr1,1200.0,107.612
2829,I3Zr1,1100.0,107.529
2830,I3Zr1,1000.0,107.445
2831,I3Zr1,900.0,107.32
2832,I3Zr1,800.0,107.11
2833,I3Zr1,700.0,106.901
2834,I3Zr1,600.0,106.692
2835,I3Zr1,500.0,106.274
2836,I3Zr1,400.0,105.855
2837,I3Zr1,300.0,103.897
2838,Al2Mg1O4,298.0,116.198
2839,Al2Mg1O4,2700.0,242.291
2840,Al2Mg1O4,2600.0,238.697
2841,Al2Mg1O4,2500.0,235.095
2842,Al2Mg1O4,2408.0,231.777
2843,Al2Mg1O4,2400.0,231.488
2844,Al2Mg1O4,2300.0,227.877
2845,Al2Mg1O4,2200.0,224.254
2846,Al2Mg1O4,2100.0,220.622
2847,Al2Mg1O4,2000.0,216.982
2848,Al2Mg1O4,1900.0,213.325
2849,Al2Mg1O4,1800.0,209.652
2850,Al2Mg1O4,1700.0,205.962
2851,Al2Mg1O4,1600.0,202.238
2852,Al2Mg1O4,1500.0,198.485
2853,Al2Mg1O4,1400.0,194.686
2854,Al2Mg1O4,1300.0,190.828
2855,Al2Mg1O4,1200.0,186.895
2856,Al2Mg1O4,1100.0,182.853
2857,Al2Mg1O4,1000.0,178.657
2858,Al2Mg1O4,900.0,174.238
2859,Al2Mg1O4,800.0,169.47299999999996
2860,Al2Mg1O4,700.0,164.155
2861,Al2Mg1O4,600.0,157.887
2862,Al2Mg1O4,500.0,149.829
2863,Al2Mg1O4,400.0,137.988
2864,Al2Mg1O4,300.0,116.533
2865,N1Ti1,4400.0,84.152
2866,N1Ti1,4300.0,83.161
2867,N1Ti1,4200.0,82.171
2868,N1Ti1,4100.0,81.182
2869,N1Ti1,4000.0,80.193
2870,N1Ti1,3900.0,79.203
2871,N1Ti1,3800.0,78.215
2872,N1Ti1,3700.0,77.22800000000002
2873,N1Ti1,3600.0,76.244
2874,N1Ti1,3500.0,75.262
2875,N1Ti1,3400.0,74.279
2876,N1Ti1,3300.0,73.295
2877,N1Ti1,3220.0,72.513
2878,N1Ti1,3200.0,72.316
2879,N1Ti1,3100.0,71.337
2880,N1Ti1,3000.0,70.362
2881,N1Ti1,2900.0,69.387
2882,N1Ti1,2800.0,68.413
2883,N1Ti1,2700.0,67.446
2884,N1Ti1,2600.0,66.48
2885,N1Ti1,2500.0,65.517
2886,N1Ti1,2400.0,64.559
2887,N1Ti1,2300.0,63.605
2888,N1Ti1,2200.0,62.655
2889,N1Ti1,2100.0,61.71
2890,N1Ti1,2000.0,60.777
2891,N1Ti1,1900.0,59.848
2892,N1Ti1,1800.0,58.927
2893,N1Ti1,1700.0,58.02
2894,N1Ti1,1600.0,57.128
2895,N1Ti1,1500.0,56.246
2896,N1Ti1,1400.0,55.38399999999999
2897,N1Ti1,1300.0,54.538
2898,N1Ti1,1200.0,53.718
2899,N1Ti1,1100.0,52.919
2900,N1Ti1,1000.0,52.145
2901,N1Ti1,900.0,51.38399999999999
2902,N1Ti1,800.0,50.618
2903,N1Ti1,700.0,49.78100000000001
2904,N1Ti1,600.0,48.723
2905,N1Ti1,500.0,47.057
2906,N1Ti1,400.0,43.81100000000001
2907,N1Ti1,300.0,37.238
2908,N1Ti1,298.0,37.079
2909,N1V1,3400.0,76.191
2910,N1V1,3300.0,75.312
2911,N1V1,3200.0,74.475
2912,N1V1,3100.0,73.638
2913,N1V1,3000.0,72.80199999999998
2914,N1V1,2900.0,71.923
2915,N1V1,2800.0,71.044
2916,N1V1,2700.0,70.166
2917,N1V1,2600.0,69.28699999999999
2918,N1V1,2500.0,68.408
2919,N1V1,2400.0,67.53
2920,N1V1,2300.0,66.65100000000001
2921,N1V1,2200.0,65.77199999999999
2922,N1V1,2100.0,64.852
2923,N1V1,2000.0,63.932
2924,N1V1,1900.0,62.969
2925,N1V1,1800.0,62.049
2926,N1V1,1700.0,61.17
2927,N1V1,1600.0,60.124
2928,N1V1,1500.0,59.091
2929,N1V1,1400.0,58.045
2930,N1V1,1300.0,56.986
2931,N1V1,1200.0,55.907
2932,N1V1,1100.0,54.806
2933,N1V1,1000.0,53.668
2934,N1V1,900.0,52.48
2935,N1V1,800.0,51.212
2936,N1V1,700.0,49.819
2937,N1V1,600.0,48.208
2938,N1V1,500.0,46.183
2939,N1V1,400.0,43.29600000000001
2940,N1V1,300.0,38.2
2941,N1V1,298.0,37.981
2942,Na1O2,1900.0,137.58700000000002
2943,Na1O2,1800.0,133.47799999999998
2944,Na1O2,1700.0,129.386
2945,Na1O2,1600.0,125.311
2946,Na1O2,1500.0,121.252
2947,Na1O2,1400.0,117.211
2948,Na1O2,1300.0,113.186
2949,Na1O2,1200.0,109.177
2950,Na1O2,1100.0,105.186
2951,Na1O2,1000.0,101.211
2952,Na1O2,900.0,96.962
2953,Na1O2,800.0,92.634
2954,Na1O2,700.0,88.50200000000002
2955,Na1O2,600.0,84.475
2956,Na1O2,500.0,80.375
2957,Na1O2,400.0,76.274
2958,Na1O2,300.0,72.21600000000002
2959,Na1O2,298.0,72.141
2978,Na2O1,1900.0,104.47
2979,Na2O1,1800.0,103.617
2980,Na2O1,1700.0,102.734
2981,Na2O1,1600.0,101.822
2982,Na2O1,1500.0,100.868
2983,Na2O1,1405.2,99.913
2984,Na2O1,1400.0,99.86
2985,Na2O1,1300.0,98.788
2986,Na2O1,1243.15,98.14
2987,Na2O1,1243.15,98.142
2988,Na2O1,1200.0,97.629
2989,Na2O1,1100.0,96.353
2990,Na2O1,1023.15,95.264
2991,Na2O1,1023.15,95.265
2992,Na2O1,1000.0,94.918
2993,Na2O1,900.0,93.266
2994,Na2O1,800.0,91.291
2995,Na2O1,700.0,88.851
2996,Na2O1,600.0,85.709
2997,Na2O1,500.0,81.49600000000002
2998,Na2O1,400.0,75.77600000000002
2999,Na2O1,300.0,69.245
3000,Na2O1,298.0,69.10300000000001
3024,O1Ti1,2400.0,84.22399999999998
3025,O1Ti1,2300.0,82.46700000000001
3026,O1Ti1,2200.0,80.668
3027,O1Ti1,2100.0,78.91
3028,O1Ti1,2000.0,77.153
3029,O1Ti1,1900.0,75.396
3030,O1Ti1,1800.0,73.597
3031,O1Ti1,1700.0,71.839
3032,O1Ti1,1600.0,70.04
3033,O1Ti1,1500.0,68.241
3034,O1Ti1,1400.0,66.442
3035,O1Ti1,1300.0,64.643
3036,O1Ti1,1265.0,63.99800000000001
3037,O1Ti1,1200.0,62.802
3038,O1Ti1,1100.0,60.96100000000001
3039,O1Ti1,1000.0,59.078
3040,O1Ti1,900.0,57.153
3041,O1Ti1,800.0,55.187
3042,O1Ti1,700.0,53.095
3043,O1Ti1,600.0,50.83600000000001
3044,O1Ti1,500.0,48.242
3045,O1Ti1,400.0,44.978
3046,O1Ti1,300.0,40.062
3047,O1Ti1,298.0,39.957
3048,H1Li1O1,298.0,49.591
3049,H1Li1O1,1400.0,97.115
3050,H1Li1O1,1300.0,93.705
3051,H1Li1O1,1200.0,90.274
3052,H1Li1O1,1100.0,86.814
3053,H1Li1O1,1000.0,83.30799999999998
3054,H1Li1O1,900.0,79.747
3055,H1Li1O1,800.0,76.086
3056,H1Li1O1,744.3,73.97
3057,H1Li1O1,700.0,72.279
3058,H1Li1O1,600.0,68.208
3059,H1Li1O1,500.0,63.647
3060,H1Li1O1,400.0,58.053
3061,H1Li1O1,300.0,49.761
3062,Nb1O1,2700.0,66.87100000000001
3063,Nb1O1,2600.0,65.982
3064,Nb1O1,2500.0,65.09100000000001
3065,Nb1O1,2400.0,64.199
3066,Nb1O1,2300.0,63.306
3067,Nb1O1,2210.0,62.50100000000001
3068,Nb1O1,2200.0,62.413
3069,Nb1O1,2100.0,61.526
3070,Nb1O1,2000.0,60.62600000000001
3071,Nb1O1,1900.0,59.73
3072,Nb1O1,1800.0,58.831
3073,Nb1O1,1700.0,57.929
3074,Nb1O1,1600.0,57.024
3075,Nb1O1,1500.0,56.117
3076,Nb1O1,1400.0,55.208
3077,Nb1O1,1300.0,54.287
3078,Nb1O1,1200.0,53.359
3079,Nb1O1,1100.0,52.418
3080,Nb1O1,1000.0,51.467
3081,Nb1O1,900.0,50.481
3082,Nb1O1,800.0,49.467
3083,Nb1O1,700.0,48.369
3084,Nb1O1,600.0,47.20399999999999
3085,Nb1O1,500.0,45.827
3086,Nb1O1,400.0,44.032
3087,Nb1O1,300.0,41.187
3088,Nb1O1,298.0,41.112
3108,Nb1,3100.0,53.879
3109,Nb1,3000.0,50.41
3110,Nb1,2900.0,47.342
3111,Nb1,2800.0,44.643
3112,Nb1,2750.0,43.423
3113,Nb1,2700.0,42.283
3114,Nb1,2600.0,40.233
3115,Nb1,2500.0,38.635
3116,Nb1,2400.0,37.317
3117,Nb1,2300.0,36.192
3118,Nb1,2200.0,35.187
3119,Nb1,2100.0,34.275
3120,Nb1,2000.0,33.43
3121,Nb1,1900.0,32.639
3122,Nb1,1800.0,31.903
3123,Nb1,1700.0,31.221
3124,Nb1,1600.0,30.606
3125,Nb1,1500.0,30.062
3126,Nb1,1400.0,29.589
3127,Nb1,1300.0,29.179
3128,Nb1,1200.0,28.798
3129,Nb1,1100.0,28.405
3130,Nb1,1000.0,27.999
3131,Nb1,900.0,27.593000000000004
3132,Nb1,800.0,27.183000000000003
3133,Nb1,600.0,26.347
3134,Nb1,500.0,25.899
3135,Nb1,450.0,25.653
3136,Nb1,400.0,25.393
3137,Nb1,350.0,25.088
3138,Nb1,300.0,24.711
3139,Nb1,298.0,24.69400000000001
3140,O3Ti2,2900.0,157.151
3141,O3Ti2,2800.0,156.774
3142,O3Ti2,2700.0,156.398
3143,O3Ti2,2600.0,155.98
3144,O3Ti2,2500.0,155.60299999999995
3145,O3Ti2,2400.0,155.185
3146,O3Ti2,2300.0,154.766
3147,O3Ti2,2200.0,154.306
3148,O3Ti2,2115.0,153.953
3149,O3Ti2,2100.0,153.888
3150,O3Ti2,2000.0,153.42700000000005
3151,O3Ti2,1900.0,152.925
3152,O3Ti2,1800.0,152.465
3153,O3Ti2,1700.0,151.921
3154,O3Ti2,1600.0,151.377
3155,O3Ti2,1500.0,150.75
3156,O3Ti2,1400.0,150.08
3157,O3Ti2,1300.0,149.369
3158,O3Ti2,1200.0,148.532
3159,O3Ti2,1100.0,147.528
3160,O3Ti2,1000.0,146.356
3161,O3Ti2,900.0,144.892
3162,O3Ti2,800.0,142.967
3163,O3Ti2,700.0,140.33100000000002
3164,O3Ti2,600.0,136.44
3165,O3Ti2,500.0,130.248
3166,O3Ti2,470.01,141.716
3167,O3Ti2,470.01,127.653
3168,O3Ti2,400.0,117.529
3169,O3Ti2,300.0,96.19
3170,O3Ti2,298.0,95.814
3171,Ca1,298.0,25.929
3172,Ca1,1000.0,39.026
3173,Ca1,900.0,36.819
3174,Ca1,800.0,34.613
3175,Ca1,716.0,32.736999999999995
3176,Ca1,700.0,32.406
3177,Ca1,600.0,30.382
3178,Ca1,500.0,28.487
3179,Ca1,450.0,27.643
3180,Ca1,400.0,26.868
3181,Ca1,350.0,26.32
3182,Ca1,300.0,25.946
3183,Nb1O2,2700.0,83.052
3184,Nb1O2,2600.0,83.052
3185,Nb1O2,2500.0,83.052
3186,Nb1O2,2400.0,83.052
3187,Nb1O2,2300.0,83.052
3188,Nb1O2,2200.0,83.052
3189,Nb1O2,2175.0,83.052
3190,Nb1O2,2100.0,83.052
3191,Nb1O2,2000.0,83.052
3192,Nb1O2,1900.0,83.052
3193,Nb1O2,1800.0,83.052
3194,Nb1O2,1700.0,83.052
3195,Nb1O2,1600.0,83.052
3196,Nb1O2,1500.0,83.052
3197,Nb1O2,1400.0,83.052
3198,Nb1O2,1300.0,83.052
3199,Nb1O2,1200.0,92.885
3200,Nb1O2,1200.0,83.052
3201,Nb1O2,1100.0,92.885
3202,Nb1O2,1090.0,91.144
3203,Nb1O2,1090.0,92.885
3204,Nb1O2,1000.0,87.5
3205,Nb1O2,900.0,83.479
3206,Nb1O2,800.0,79.49600000000002
3207,Nb1O2,700.0,75.555
3208,Nb1O2,600.0,71.65100000000002
3209,Nb1O2,500.0,67.73899999999999
3210,Nb1O2,400.0,63.547
3211,Nb1O2,300.0,57.605
3212,Nb1O2,298.0,57.452
3213,O3Pb1Si1,1900.0,137.15200000000002
3214,O3Pb1Si1,1800.0,136.775
3215,O3Pb1Si1,1700.0,136.189
3216,O3Pb1Si1,1600.0,135.645
3217,O3Pb1Si1,1500.0,135.018
3218,O3Pb1Si1,1400.0,134.22299999999998
3219,O3Pb1Si1,1300.0,133.428
3220,O3Pb1Si1,1200.0,132.591
3221,O3Pb1Si1,1100.0,131.545
3222,O3Pb1Si1,1000.0,130.332
3223,O3Pb1Si1,900.0,128.784
3224,O3Pb1Si1,800.0,126.566
3225,O3Pb1Si1,700.0,123.428
3226,O3Pb1Si1,600.0,118.742
3227,O3Pb1Si1,500.0,111.964
3228,O3Pb1Si1,400.0,102.843
3229,O3Pb1Si1,300.0,90.333
3230,O3Pb1Si1,298.0,90.04
3231,O4Pb3,1400.0,224.262
3232,O4Pb3,1300.0,220.078
3233,O4Pb3,1200.0,215.894
3234,O4Pb3,1100.0,211.71
3235,O4Pb3,1000.0,207.526
3236,O4Pb3,900.0,203.342
3237,O4Pb3,800.0,199.158
3238,O4Pb3,700.0,194.974
3239,O4Pb3,600.0,190.79
3240,O4Pb3,500.0,184.096
3241,O4Pb3,400.0,173.05
3242,O4Pb3,300.0,155.344
3243,O4Pb3,298.0,154.934
3274,O7Ti4,2300.0,322.545
3275,O7Ti4,2200.0,320.913
3276,O7Ti4,2100.0,319.281
3277,O7Ti4,2000.0,317.607
3278,O7Ti4,1950.0,316.7290000000001
3279,O7Ti4,1900.0,315.85
3280,O7Ti4,1800.0,314.051
3281,O7Ti4,1700.0,312.21
3282,O7Ti4,1600.0,310.285
3283,O7Ti4,1500.0,308.235
3284,O7Ti4,1400.0,306.018
3285,O7Ti4,1300.0,303.675
3286,O7Ti4,1200.0,301.081
3287,O7Ti4,1100.0,298.152
3288,O7Ti4,1000.0,294.805
3289,O7Ti4,900.0,290.83
3290,O7Ti4,800.0,285.976
3291,O7Ti4,700.0,279.659
3292,O7Ti4,600.0,271.165
3293,O7Ti4,500.0,258.86400000000003
3294,O7Ti4,400.0,239.911
3295,O7Ti4,300.0,209.2
3296,O7Ti4,298.0,208.489
3297,K1,298.0,29.497
3298,K1,350.0,38.484
3299,K1,336.35,34.567
3300,K1,300.0,29.573
3301,O4V2,2100.0,183.092
3302,O4V2,2000.0,181.192
3303,O4V2,1900.0,179.27599999999995
3304,O4V2,1818.0,177.72799999999995
3305,O4V2,1800.0,177.343
3306,O4V2,1700.0,175.30200000000005
3307,O4V2,1600.0,173.42700000000005
3308,O4V2,1500.0,171.429
3309,O4V2,1400.0,169.40599999999995
3310,O4V2,1300.0,167.33
3311,O4V2,1200.0,165.209
3312,O4V2,1100.0,162.987
3313,O4V2,1000.0,160.68200000000004
3314,O4V2,900.0,158.157
3315,O4V2,800.0,155.457
3316,O4V2,700.0,152.175
3317,O4V2,600.0,148.44799999999995
3318,O4V2,500.0,143.269
3319,O4V2,400.0,135.281
3320,O4V2,340.0,123.336
3321,O4V2,340.0,127.621
3322,O4V2,300.0,115.787
3323,O4V2,298.0,115.399
3352,Ca1Cl2,298.0,72.85600000000002
3353,Ca1Cl2,1900.0,112.131
3354,Ca1Cl2,1800.0,109.202
3355,Ca1Cl2,1700.0,106.274
3356,Ca1Cl2,1600.0,103.345
3357,Ca1Cl2,1500.0,100.416
3358,Ca1Cl2,1400.0,97.487
3359,Ca1Cl2,1300.0,94.558
3360,Ca1Cl2,1200.0,91.63
3361,Ca1Cl2,1100.0,88.70100000000002
3362,Ca1Cl2,1045.0,87.09
3363,Ca1Cl2,1000.0,85.772
3364,Ca1Cl2,900.0,83.094
3365,Ca1Cl2,800.0,80.919
3366,Ca1Cl2,700.0,79.37
3367,Ca1Cl2,600.0,78.199
3368,Ca1Cl2,500.0,77.153
3369,Ca1Cl2,400.0,75.64699999999998
3370,Ca1Cl2,300.0,72.92699999999998
3371,Pb1,1400.0,37.183
3372,Pb1,1300.0,36.208
3373,Pb1,1200.0,35.238
3374,Pb1,1100.0,34.263000000000005
3375,Pb1,1000.0,33.288000000000004
3376,Pb1,900.0,32.313
3377,Pb1,800.0,31.342
3378,Pb1,700.0,30.367
3379,Pb1,600.6,29.414
3380,Pb1,600.0,29.404
3381,Pb1,500.0,28.549
3382,Pb1,450.0,28.139
3383,Pb1,400.0,27.72300000000001
3384,Pb1,350.0,27.288
3385,Pb1,300.0,26.853
3386,Pb1,298.0,26.836
3387,Na2O5Si2,1900.0,292.88
3388,Na2O5Si2,1800.0,292.88
3389,Na2O5Si2,1700.0,292.88
3390,Na2O5Si2,1600.0,292.88
3391,Na2O5Si2,1500.0,292.88
3392,Na2O5Si2,1400.0,292.88
3393,Na2O5Si2,1300.0,292.88
3394,Na2O5Si2,1200.0,292.88
3395,Na2O5Si2,1147.0,292.88
3396,Na2O5Si2,1100.0,292.88
3397,Na2O5Si2,1000.0,292.88
3398,Na2O5Si2,980.0,243.275
3399,Na2O5Si2,980.0,292.88
3400,Na2O5Si2,951.0,242.313
3401,Na2O5Si2,951.0,242.316
3402,Na2O5Si2,900.0,240.325
3403,Na2O5Si2,800.0,235.162
3404,Na2O5Si2,700.0,227.84
3405,Na2O5Si2,600.0,217.576
3406,Na2O5Si2,500.0,203.246
3407,Na2O5Si2,400.0,183.401
3408,Na2O5Si2,300.0,157.494
3409,Na2O5Si2,298.0,156.984
3410,O5Ti3,1400.0,224.262
3411,O5Ti3,1300.0,222.58900000000003
3412,O5Ti3,1200.0,220.497
3413,O5Ti3,1100.0,218.405
3414,O5Ti3,1000.0,215.894
3415,O5Ti3,900.0,213.384
3416,O5Ti3,800.0,210.037
3417,O5Ti3,700.0,206.062
3418,O5Ti3,600.0,200.832
3419,O5Ti3,500.0,194.138
3420,O5Ti3,450.0,189.954
3421,O5Ti3,400.0,182.841
3422,O5Ti3,300.0,155.477
3423,O5Ti3,298.0,154.808
3424,O5V2,1400.0,195.393
3425,O5V2,1300.0,192.46400000000003
3426,O5V2,1200.0,189.535
3427,O5V2,1100.0,186.606
3428,O5V2,1000.0,183.678
3429,O5V2,943.0,182.004
3430,O5V2,900.0,180.749
3431,O5V2,800.0,177.25099999999995
3432,O5V2,700.0,173.234
3433,O5V2,600.0,168.31400000000005
3434,O5V2,500.0,161.753
3435,O5V2,400.0,150.95
3436,O5V2,300.0,131.02700000000002
3437,O5V2,298.0,130.599
3438,Mg3N2,298.0,104.516
3439,Mg3N2,2400.0,123.595
3440,Mg3N2,2300.0,123.595
3441,Mg3N2,2200.0,123.595
3442,Mg3N2,2100.0,123.595
3443,Mg3N2,2000.0,123.595
3444,Mg3N2,1900.0,123.595
3445,Mg3N2,1800.0,123.595
3446,Mg3N2,1700.0,123.595
3447,Mg3N2,1600.0,123.595
3448,Mg3N2,1500.0,123.595
3449,Mg3N2,1400.0,123.595
3450,Mg3N2,1300.0,123.595
3451,Mg3N2,1200.0,123.595
3452,Mg3N2,1100.0,123.595
3453,Mg3N2,1061.0,123.846
3454,Mg3N2,1061.0,123.595
3455,Mg3N2,1000.0,123.846
3456,Mg3N2,900.0,123.846
3457,Mg3N2,823.0,120.574
3458,Mg3N2,823.0,123.846
3459,Mg3N2,800.0,119.872
3460,Mg3N2,700.0,116.817
3461,Mg3N2,600.0,113.763
3462,Mg3N2,500.0,110.709
3463,Mg3N2,400.0,107.654
3464,Mg3N2,300.0,104.6
3465,Mg2O4Si1,298.0,118.688
3466,Mg2O4Si1,2900.0,216.315
3467,Mg2O4Si1,2800.0,214.49
3468,Mg2O4Si1,2700.0,212.648
3469,Mg2O4Si1,2600.0,210.79
3470,Mg2O4Si1,2500.0,208.915
3471,Mg2O4Si1,2400.0,207.02
3472,Mg2O4Si1,2300.0,205.1
3473,Mg2O4Si1,2200.0,203.154
3474,Mg2O4Si1,2171.0,202.673
3475,Mg2O4Si1,2100.0,201.175
3476,Mg2O4Si1,2000.0,199.163
3477,Mg2O4Si1,1900.0,197.108
3478,Mg2O4Si1,1800.0,195.008
3479,Mg2O4Si1,1700.0,192.845
3480,Mg2O4Si1,1600.0,190.61900000000003
3481,Mg2O4Si1,1500.0,188.30900000000003
3482,Mg2O4Si1,1400.0,185.895
3483,Mg2O4Si1,1300.0,183.36
3484,Mg2O4Si1,1200.0,180.665
3485,Mg2O4Si1,1100.0,177.77
3486,Mg2O4Si1,1000.0,174.607
3487,Mg2O4Si1,900.0,171.088
3488,Mg2O4Si1,800.0,167.063
3489,Mg2O4Si1,700.0,162.31
3490,Mg2O4Si1,600.0,156.431
3491,Mg2O4Si1,500.0,148.695
3492,Mg2O4Si1,400.0,137.55700000000002
3493,Mg2O4Si1,300.0,119.148
3494,Mo1O2.875,298.0,72.508
3495,Mo1O2.875,1400.0,124.166
3496,Mo1O2.875,1300.0,119.366
3497,Mo1O2.875,1200.0,114.658
3498,Mo1O2.875,1100.0,110.062
3499,Mo1O2.875,1000.0,105.589
3500,Mo1O2.875,900.0,101.256
3501,Mo1O2.875,800.0,97.088
3502,Mo1O2.875,700.0,93.079
3503,Mo1O2.875,600.0,89.20100000000002
3504,Mo1O2.875,500.0,85.274
3505,Mo1O2.875,400.0,80.65100000000002
3506,Mo1O2.875,300.0,72.73
3507,Br1K1,298.0,52.379
3508,Br1K1,1400.0,81.797
3509,Br1K1,1300.0,79.622
3510,Br1K1,1200.0,76.86
3511,Br1K1,1100.0,73.053
3512,Br1K1,1007.0,68.367
3513,Br1K1,1000.0,68.01100000000001
3514,Br1K1,900.0,63.687
3515,Br1K1,800.0,60.417
3516,Br1K1,700.0,58.084
3517,Br1K1,600.0,56.358
3518,Br1K1,500.0,55.25
3519,Br1K1,400.0,53.806
3520,Br1K1,300.0,52.3
3552,Cu1,298.0,24.442
3553,Cu1,1900.0,45.095
3554,Cu1,1800.0,42.928
3555,Cu1,1700.0,40.76
3556,Cu1,1600.0,38.593
3557,Cu1,1500.0,36.425
3558,Cu1,1400.0,34.258
3559,Cu1,1358.0,33.353
3560,Cu1,1300.0,32.143
3561,Cu1,1200.0,30.519
3562,Cu1,1100.0,29.479
3563,Cu1,1000.0,28.662
3564,Cu1,900.0,28.049
3565,Cu1,800.0,27.494
3566,Cu1,700.0,26.996
3567,Cu1,600.0,26.481
3568,Cu1,500.0,25.912
3569,Cu1,450.0,25.686
3570,Cu1,400.0,25.318
3571,Cu1,350.0,24.975
3572,Cu1,300.0,24.462
3573,F1Li1,298.0,41.815
3574,F1Li1,2400.0,76.872
3575,F1Li1,2300.0,76.248
3576,F1Li1,2200.0,75.53
3577,F1Li1,2100.0,74.72
3578,F1Li1,2000.0,73.817
3579,F1Li1,1900.0,72.821
3580,F1Li1,1800.0,71.73100000000002
3581,F1Li1,0.0,70.54899999999998
3582,F1Li1,1600.0,69.274
3583,F1Li1,1500.0,67.906
3584,F1Li1,1400.0,66.445
3585,F1Li1,1300.0,64.892
3586,F1Li1,1200.0,63.245
3587,F1Li1,1121.3,61.883
3588,F1Li1,1100.0,61.505
3589,F1Li1,1000.0,59.58
3590,F1Li1,900.0,57.697
3591,F1Li1,800.0,55.731
3592,F1Li1,700.0,53.723
3593,F1Li1,600.0,51.589
3594,F1Li1,500.0,49.32899999999999
3595,F1Li1,400.0,46.543
3596,F1Li1,300.0,41.93600000000001
3597,Fe1S2,298.0,62.39
3598,Fe1S2,1300.0,88.91
3599,Fe1S2,1200.0,86.86
3600,Fe1S2,1100.0,84.81
3601,Fe1S2,1000.0,82.764
3602,Fe1S2,900.0,80.718
3603,Fe1S2,800.0,78.668
3604,Fe1S2,700.0,76.959
3605,Fe1S2,600.0,74.568
3606,Fe1S2,500.0,72.447
3607,Fe1S2,400.0,69.169
3608,Fe1S2,300.0,62.554
3609,H2O2Sr1,298.0,74.89399999999998
3610,H2O2Sr1,800.0,141.628
3611,H2O2Sr1,783.15,139.37
3612,H2O2Sr1,700.0,128.32299999999998
3613,H2O2Sr1,600.0,115.018
3614,H2O2Sr1,500.0,101.755
3615,H2O2Sr1,400.0,88.45
3616,H2O2Sr1,300.0,75.145
3617,I1K1,298.0,52.777
3618,I1K1,1900.0,75.317
3619,I1K1,1800.0,75.291
3620,I1K1,1700.0,75.234
3621,I1K1,1600.0,75.145
3622,I1K1,1500.0,74.92699999999998
3623,I1K1,1400.0,74.601
3624,I1K1,1300.0,74.09
3625,I1K1,1200.0,73.13600000000002
3626,I1K1,1100.0,71.546
3627,I1K1,1000.0,69.036
3628,I1K1,954.0,67.594
3629,I1K1,900.0,65.793
3630,I1K1,800.0,62.639
3631,I1K1,700.0,59.777
3632,I1K1,600.0,57.3
3633,I1K1,500.0,55.363
3634,I1K1,400.0,53.932
3635,I1K1,300.0,52.806
3655,K2O3Si1,298.0,118.407
3656,K2O3Si1,2100.0,204.179
3657,K2O3Si1,2000.0,202.087
3658,K2O3Si1,1900.0,199.995
3659,K2O3Si1,1800.0,197.903
3660,K2O3Si1,1700.0,195.811
3661,K2O3Si1,1600.0,193.719
3662,K2O3Si1,1500.0,191.627
3663,K2O3Si1,1400.0,189.535
3664,K2O3Si1,1300.0,187.443
3665,K2O3Si1,1249.0,186.376
3666,K2O3Si1,1200.0,185.351
3667,K2O3Si1,1100.0,182.004
3668,K2O3Si1,1000.0,179.075
3669,K2O3Si1,900.0,175.31
3670,K2O3Si1,800.0,170.707
3671,K2O3Si1,700.0,164.85
3672,K2O3Si1,600.0,157.737
3673,K2O3Si1,500.0,148.114
3674,K2O3Si1,400.0,135.562
3675,K2O3Si1,300.0,118.758
3687,Li2O5Si2,298.0,138.072
3688,Li2O5Si2,2400.0,263.48
3689,Li2O5Si2,2300.0,263.341
3690,Li2O5Si2,2200.0,263.17400000000004
3691,Li2O5Si2,2100.0,262.978
3692,Li2O5Si2,2000.0,262.755
3693,Li2O5Si2,1900.0,262.075
3694,Li2O5Si2,1800.0,261.082
3695,Li2O5Si2,1700.0,259.617
3696,Li2O5Si2,1600.0,257.73400000000004
3697,Li2O5Si2,1500.0,254.868
3698,Li2O5Si2,1400.0,251.207
3699,Li2O5Si2,1307.0,248.417
3700,Li2O5Si2,1300.0,248.195
3701,Li2O5Si2,1209.0,245.55900000000003
3702,Li2O5Si2,1200.0,245.182
3703,Li2O5Si2,1100.0,240.617
3704,Li2O5Si2,1000.0,235.35
3705,Li2O5Si2,900.0,229.492
3706,Li2O5Si2,800.0,222.58900000000003
3707,Li2O5Si2,700.0,214.89
3708,Li2O5Si2,600.0,205.685
3709,Li2O5Si2,500.0,192.673
3710,Li2O5Si2,400.0,174.891
3711,Li2O5Si2,300.0,138.909
3754,Mo2S3,298.0,109.294
3755,Mo2S3,2300.0,185.939
3756,Mo2S3,2200.0,182.625
3757,Mo2S3,2100.0,179.30900000000003
3758,Mo2S3,2080.0,178.645
3759,Mo2S3,2000.0,175.989
3760,Mo2S3,1900.0,172.666
3761,Mo2S3,1800.0,169.33900000000003
3762,Mo2S3,1700.0,166.00599999999997
3763,Mo2S3,1600.0,162.666
3764,Mo2S3,1500.0,159.317
3765,Mo2S3,1400.0,155.957
3766,Mo2S3,1300.0,152.582
3767,Mo2S3,1200.0,149.186
3768,Mo2S3,1100.0,145.762
3769,Mo2S3,1000.0,142.297
3770,Mo2S3,900.0,138.775
3771,Mo2S3,800.0,135.162
3772,Mo2S3,700.0,131.405
3773,Mo2S3,600.0,127.399
3774,Mo2S3,500.0,122.926
3775,Mo2S3,400.0,117.464
3776,Mo2S3,300.0,109.489
3819,N4Si3,298.0,99.533
3820,N4Si3,2900.0,188.056
3821,N4Si3,2800.0,187.818
3822,N4Si3,2700.0,187.567
3823,N4Si3,2600.0,187.303
3824,N4Si3,2500.0,187.025
3825,N4Si3,2400.0,186.734
3826,N4Si3,2300.0,186.429
3827,N4Si3,2200.0,186.111
3828,N4Si3,2100.0,185.78
3829,N4Si3,2000.0,185.435
3830,N4Si3,1900.0,184.539
3831,N4Si3,1800.0,183.452
3832,N4Si3,1700.0,182.171
3833,N4Si3,1600.0,180.548
3834,N4Si3,1500.0,178.657
3835,N4Si3,1400.0,175.92
3836,N4Si3,1300.0,172.53099999999995
3837,N4Si3,1200.0,168.49
3838,N4Si3,1100.0,163.678
3839,N4Si3,1000.0,158.155
3840,N4Si3,900.0,152.298
3841,N4Si3,800.0,145.812
3842,N4Si3,700.0,138.072
3843,N4Si3,600.0,129.704
3844,N4Si3,500.0,120.708
3845,N4Si3,400.0,110.667
3846,N4Si3,300.0,99.788
3847,N5P3,298.0,148.95
3848,N5P3,1400.0,271.904
3849,N5P3,1300.0,271.207
3850,N5P3,1200.0,269.868
3851,N5P3,1100.0,267.888
3852,N5P3,1000.0,265.266
3853,N5P3,900.0,261.5
3854,N5P3,800.0,255.224
3855,N5P3,700.0,246.856
3856,N5P3,600.0,234.304
3857,N5P3,500.0,217.568
3858,N5P3,400.0,192.46400000000003
3859,N5P3,300.0,149.787
3885,Na2S1,298.0,82.801
3886,Na2S1,1900.0,133.888
3887,Na2S1,1800.0,133.888
3888,Na2S1,1700.0,133.888
3889,Na2S1,1600.0,133.888
3890,Na2S1,1500.0,133.888
3891,Na2S1,1445.0,133.888
3892,Na2S1,1400.0,137.15200000000002
3893,Na2S1,1300.0,187.652
3894,Na2S1,1276.0,211.921
3895,Na2S1,1276.0,211.939
3896,Na2S1,1200.0,159.494
3897,Na2S1,1100.0,110.458
3898,Na2S1,1000.0,92.843
3899,Na2S1,900.0,91.337
3900,Na2S1,800.0,90.165
3901,Na2S1,0.0,88.70100000000002
3902,Na2S1,600.0,87.236
3903,Na2S1,500.0,85.772
3904,Na2S1,400.0,84.30799999999998
3905,Na2S1,0.0,82.84299999999998
3906,Nb2O5,298.0,131.988
3907,Nb2O5,2200.0,184.004
3908,Nb2O5,2100.0,183.862
3909,Nb2O5,1900.0,183.435
3910,Nb2O5,1800.0,183.129
3911,Nb2O5,1785.0,183.075
3912,Nb2O5,1700.0,182.745
3913,Nb2O5,1600.0,182.263
3914,Nb2O5,1500.0,181.665
3915,Nb2O5,1400.0,180.92
3916,Nb2O5,1300.0,179.991
3917,Nb2O5,1200.0,178.828
3918,Nb2O5,1100.0,177.36
3919,Nb2O5,1000.0,175.502
3920,Nb2O5,800.0,170.03799999999995
3921,Nb2O5,700.0,166.013
3922,Nb2O5,500.0,153.841
3923,Nb2O5,400.0,144.99200000000005
3924,Nb2O5,300.0,132.32
3925,Ni1,298.0,25.987
3926,Ni1,2400.0,48.702
3927,Ni1,2300.0,47.447
3928,Ni1,2200.0,46.191
3929,Ni1,2100.0,44.978
3930,Ni1,2000.0,43.806
3931,Ni1,1900.0,42.677
3932,Ni1,1800.0,39.33
3933,Ni1,1728.0,38.535
3934,Ni1,1700.0,38.284
3935,Ni1,1600.0,37.279
3936,Ni1,1500.0,36.317
3937,Ni1,1400.0,35.397
3938,Ni1,1300.0,34.518
3939,Ni1,1200.0,33.681
3940,Ni1,1100.0,32.928000000000004
3941,Ni1,1000.0,32.217
3942,Ni1,900.0,31.589
3943,Ni1,800.0,31.003
3944,Ni1,631.0,39.832
3945,Ni1,600.0,34.853
3946,Ni1,500.0,31.045
3947,Ni1,450.0,29.623
3948,Ni1,400.0,28.493
3949,Ni1,350.0,27.294
3950,Ni1,300.0,26.024
3951,Ni1S2,298.0,70.626
3952,Ni1S2,1700.0,99.717
3953,Ni1S2,1600.0,97.642
3954,Ni1S2,1500.0,95.567
3955,Ni1S2,1400.0,93.491
3956,Ni1S2,1300.0,91.416
3957,Ni1S2,1280.0,91.001
3958,Ni1S2,1200.0,89.34100000000002
3959,Ni1S2,1100.0,87.266
3960,Ni1S2,1000.0,85.19
3961,Ni1S2,900.0,83.115
3962,Ni1S2,800.0,81.04
3963,Ni1S2,700.0,78.965
3964,Ni1S2,600.0,76.889
3965,Ni1S2,500.0,74.814
3966,Ni1S2,400.0,72.73899999999998
3967,Ni1S2,300.0,70.664
3968,Ni3S2,298.0,117.738
3969,Ni3S2,1500.0,188.615
3970,Ni3S2,1400.0,188.615
3971,Ni3S2,1300.0,188.615
3972,Ni3S2,1200.0,188.615
3973,Ni3S2,1100.0,188.615
3974,Ni3S2,1062.0,188.615
3975,Ni3S2,1000.0,188.615
3976,Ni3S2,900.0,188.615
3977,Ni3S2,829.0,152.19
3978,Ni3S2,829.0,188.615
3979,Ni3S2,800.0,150.708
3980,Ni3S2,700.0,145.436
3981,Ni3S2,600.0,139.91299999999998
3982,Ni3S2,500.0,133.972
3983,Ni3S2,400.0,127.11
3984,Ni3S2,300.0,117.947
3985,Ni3S4,298.0,164.808
3986,Ni3S4,1000.0,265.638
3987,Ni3S4,900.0,251.27
3988,Ni3S4,800.0,236.906
3989,Ni3S4,700.0,222.539
3990,Ni3S4,600.0,208.171
3991,Ni3S4,500.0,193.807
3992,Ni3S4,400.0,179.43900000000005
3993,Ni3S4,300.0,165.076
3994,O10P4,298.0,211.71
3995,O10P4,1400.0,494.967
3996,O10P4,1300.0,486.181
3997,O10P4,1200.0,475.302
3998,O10P4,1100.0,461.077
3999,O10P4,1000.0,442.667
4000,O10P4,900.0,421.747
4001,O10P4,800.0,396.643
4002,O10P4,700.0,368.192
4003,O10P4,600.0,335.975
4004,O10P4,500.0,299.993
4005,O10P4,400.0,260.245
4006,O10P4,300.0,212.673
4020,O1Sr1,298.0,45.409
4021,O1Sr1,3500.0,73.086
4022,O1Sr1,3400.0,72.438
4023,O1Sr1,3300.0,71.785
4024,O1Sr1,3200.0,71.132
4025,O1Sr1,3100.0,70.479
4026,O1Sr1,3000.0,69.827
4027,O1Sr1,2938.0,69.425
4028,O1Sr1,2900.0,69.17399999999999
4029,O1Sr1,2800.0,68.517
4030,O1Sr1,2700.0,67.86399999999999
4031,O1Sr1,2600.0,67.208
4032,O1Sr1,2500.0,66.551
4033,O1Sr1,2400.0,65.89
4034,O1Sr1,2300.0,65.229
4035,O1Sr1,2200.0,64.563
4036,O1Sr1,2100.0,63.898
4037,O1Sr1,2000.0,63.229
4038,O1Sr1,1900.0,62.559
4039,O1Sr1,1800.0,61.881
4040,O1Sr1,1700.0,61.199
4041,O1Sr1,1600.0,60.50899999999999
4042,O1Sr1,1500.0,59.81
4043,O1Sr1,1400.0,59.103
4044,O1Sr1,1300.0,58.379
4045,O1Sr1,1200.0,57.639
4046,O1Sr1,1100.0,56.87300000000001
4047,O1Sr1,1000.0,56.074
4048,O1Sr1,900.0,55.22
4049,O1Sr1,800.0,54.3
4050,O1Sr1,700.0,53.262
4051,O1Sr1,600.0,52.049
4052,O1Sr1,500.0,50.534
4078,O2.72W1,298.0,68.283
4079,O2.72W1,2900.0,119.579
4080,O2.72W1,2800.0,118.324
4081,O2.72W1,2700.0,117.068
4082,O2.72W1,2600.0,115.813
4083,O2.72W1,2500.0,114.558
4084,O2.72W1,2400.0,113.303
4085,O2.72W1,2300.0,112.048
4086,O2.72W1,2200.0,110.792
4087,O2.72W1,2100.0,109.537
4088,O2.72W1,2000.0,108.282
4089,O2.72W1,1900.0,107.027
4090,O2.72W1,1800.0,105.772
4091,O2.72W1,1700.0,104.516
4092,O2.72W1,1600.0,103.261
4093,O2.72W1,1500.0,102.006
4094,O2.72W1,1400.0,100.751
4095,O2.72W1,1300.0,99.286
4096,O2.72W1,1200.0,97.822
4097,O2.72W1,1100.0,96.441
4098,O2.72W1,1000.0,95.019
4099,O2.72W1,900.0,93.471
4100,O2.72W1,800.0,91.839
4101,O2.72W1,700.0,89.81
4102,O2.72W1,600.0,86.985
4103,O2.72W1,500.0,82.927
4104,O2.72W1,400.0,76.902
4105,O2.72W1,300.0,68.408
4106,O2.96W1,298.0,72.383
4107,O2.96W1,2900.0,124.6
4108,O2.96W1,2800.0,123.344
4109,O2.96W1,2700.0,122.089
4110,O2.96W1,2600.0,120.834
4111,O2.96W1,2500.0,119.579
4112,O2.96W1,2400.0,118.324
4113,O2.96W1,2300.0,117.068
4114,O2.96W1,2200.0,115.813
4115,O2.96W1,2100.0,114.558
4116,O2.96W1,2000.0,113.303
4117,O2.96W1,1900.0,112.048
4118,O2.96W1,1800.0,110.792
4119,O2.96W1,1700.0,109.537
4120,O2.96W1,1600.0,108.282
4121,O2.96W1,1500.0,107.194
4122,O2.96W1,1400.0,106.106
4123,O2.96W1,1300.0,104.851
4124,O2.96W1,1200.0,103.512
4125,O2.96W1,1100.0,102.215
4126,O2.96W1,1000.0,100.709
4127,O2.96W1,900.0,99.37
4128,O2.96W1,800.0,97.404
4129,O2.96W1,700.0,95.312
4130,O2.96W1,600.0,92.257
4131,O2.96W1,500.0,87.86399999999998
4132,O2.96W1,400.0,81.50399999999998
4133,O2.96W1,300.0,72.634
4134,O2Pb1,298.0,61.17
4135,O2Pb1,1100.0,79.669
4136,O2Pb1,1000.0,79.301
4137,O2Pb1,900.0,78.602
4138,O2Pb1,800.0,77.571
4139,O2Pb1,700.0,76.21
4140,O2Pb1,600.0,74.517
4141,O2Pb1,500.0,71.69800000000002
4142,O2Pb1,400.0,67.613
4143,O2Pb1,300.0,61.31800000000001
4144,O2Si1,298.0,26.581
4145,O2Si1,2900.0,76.015
4146,O2Si1,2800.0,75.852
4147,O2Si1,2700.0,75.684
4148,O2Si1,2600.0,75.509
4149,O2Si1,2500.0,75.333
4150,O2Si1,2400.0,75.145
4151,O2Si1,2300.0,74.952
4152,O2Si1,2200.0,74.751
4153,O2Si1,2100.0,74.542
4154,O2Si1,2000.0,74.316
4155,O2Si1,1900.0,74.074
4156,O2Si1,1800.0,73.814
4157,O2Si1,1700.0,73.53399999999998
4158,O2Si1,1600.0,73.22
4159,O2Si1,1500.0,72.869
4160,O2Si1,1400.0,72.467
4161,O2Si1,1300.0,71.998
4162,O2Si1,1200.0,71.446
4163,O2Si1,1100.0,70.77199999999998
4164,O2Si1,1000.0,69.923
4165,O2Si1,900.0,68.82300000000001
4166,O2Si1,800.0,67.337
4167,O2Si1,700.0,65.229
4168,O2Si1,600.0,62.049
4169,O2Si1,500.0,56.856
4170,O2Si1,400.0,47.413
4171,O2Si1,300.0,27.154
4172,O2Ti1,298.0,55.271
4173,O2Ti1,1900.0,77.446
4174,O2Ti1,1800.0,77.362
4175,O2Ti1,1700.0,77.237
4176,O2Ti1,1600.0,77.111
4177,O2Ti1,1500.0,76.944
4178,O2Ti1,1400.0,76.735
4179,O2Ti1,1300.0,76.484
4180,O2Ti1,1200.0,76.191
4181,O2Ti1,1100.0,75.814
4182,O2Ti1,1000.0,75.354
4183,O2Ti1,900.0,74.726
4184,O2Ti1,800.0,73.86
4185,O2Ti1,700.0,72.655
4186,O2Ti1,600.0,70.89
4187,O2Ti1,500.0,68.145
4188,O2Ti1,400.0,63.593
4189,O2Ti1,300.0,55.471
4190,O2Zr1,298.0,56.191
4191,O2Zr1,3400.0,74.475
4192,O2Zr1,3300.0,74.475
4193,O2Zr1,3200.0,74.475
4194,O2Zr1,3100.0,74.475
4195,O2Zr1,3000.0,74.475
4196,O2Zr1,2950.0,74.475
4197,O2Zr1,2900.0,74.475
4198,O2Zr1,2800.0,74.475
4199,O2Zr1,2700.0,74.475
4200,O2Zr1,2600.0,74.475
4201,O2Zr1,2500.0,74.475
4202,O2Zr1,2400.0,74.475
4203,O2Zr1,2300.0,74.475
4204,O2Zr1,2200.0,74.475
4205,O2Zr1,2100.0,74.475
4206,O2Zr1,2000.0,74.475
4207,O2Zr1,1900.0,74.475
4208,O2Zr1,1800.0,74.475
4209,O2Zr1,1700.0,74.475
4210,O2Zr1,1600.0,74.475
4211,O2Zr1,1500.0,74.475
4212,O2Zr1,1478.0,80.108
4213,O2Zr1,1478.0,74.475
4214,O2Zr1,1400.0,79.45
4215,O2Zr1,1300.0,78.58
4216,O2Zr1,1200.0,77.684
4217,O2Zr1,1100.0,76.743
4218,O2Zr1,1000.0,75.747
4219,O2Zr1,900.0,74.663
4220,O2Zr1,800.0,73.45
4221,O2Zr1,700.0,72.023
4222,O2Zr1,600.0,70.237
4223,O2Zr1,500.0,67.764
4224,O2Zr1,400.0,63.848
4225,O2Zr1,300.0,56.262
4270,O4S1Zn1,298.0,99.035
4271,O4S1Zn1,1900.0,145.185
4272,O4S1Zn1,1800.0,145.185
4273,O4S1Zn1,1700.0,145.185
4274,O4S1Zn1,1600.0,145.185
4275,O4S1Zn1,1500.0,145.185
4276,O4S1Zn1,1400.0,145.185
4277,O4S1Zn1,1300.0,145.185
4278,O4S1Zn1,1200.0,145.185
4279,O4S1Zn1,1100.0,145.185
4280,O4S1Zn1,1013.0,142.13
4281,O4S1Zn1,1013.0,145.185
4282,O4S1Zn1,1000.0,142.005
4283,O4S1Zn1,900.0,140.875
4284,O4S1Zn1,800.0,139.704
4285,O4S1Zn1,700.0,138.57399999999998
4286,O4S1Zn1,600.0,137.444
4287,O4S1Zn1,540.0,136.817
4288,O4S1Zn1,500.0,131.21
4289,O4S1Zn1,400.0,116.022
4290,O4S1Zn1,300.0,99.37
4291,O4Si1Zr1,298.0,98.659
4292,O4Si1Zr1,2900.0,150.624
4293,O4Si1Zr1,2800.0,150.624
4294,O4Si1Zr1,2700.0,150.624
4295,O4Si1Zr1,2600.0,150.624
4296,O4Si1Zr1,2500.0,150.624
4297,O4Si1Zr1,2400.0,150.624
4298,O4Si1Zr1,2300.0,150.624
4299,O4Si1Zr1,2200.0,150.624
4300,O4Si1Zr1,2100.0,150.624
4301,O4Si1Zr1,2000.0,150.624
4302,O4Si1Zr1,1900.0,150.624
4303,O4Si1Zr1,1800.0,150.624
4304,O4Si1Zr1,1700.0,150.624
4305,O4Si1Zr1,1600.0,150.624
4306,O4Si1Zr1,1500.0,150.624
4307,O4Si1Zr1,1400.0,150.415
4308,O4Si1Zr1,1300.0,150.164
4309,O4Si1Zr1,1200.0,149.704
4310,O4Si1Zr1,1100.0,148.741
4311,O4Si1Zr1,1000.0,147.27700000000004
4312,O4Si1Zr1,900.0,145.268
4313,O4Si1Zr1,800.0,142.674
4314,O4Si1Zr1,700.0,138.825
4315,O4Si1Zr1,600.0,133.679
4316,O4Si1Zr1,500.0,125.938
4317,O4Si1Zr1,400.0,114.642
4318,O4Si1Zr1,300.0,99.119
4330,P4S3,298.0,146.44
4331,P4S3,1900.0,146.44
4332,P4S3,1800.0,146.44
4333,P4S3,1700.0,146.44
4334,P4S3,1600.0,146.44
4335,P4S3,1500.0,146.44
4336,P4S3,1400.0,146.44
4337,P4S3,1300.0,146.44
4338,P4S3,1200.0,146.44
4339,P4S3,1100.0,146.44
4340,P4S3,1000.0,146.44
4341,P4S3,900.0,146.44
4342,P4S3,800.0,146.44
4343,P4S3,700.0,146.44
4344,P4S3,600.0,146.44
4345,P4S3,500.0,146.44
4346,P4S3,440.0,146.44
4347,P4S3,400.0,146.44
4348,P4S3,300.0,146.44
4349,Pb1S1,1700.0,62.551
4350,Pb1S1,1600.0,61.714
4351,Pb1S1,1500.0,60.877
4352,Pb1S1,1400.0,59.957
4353,Pb1S1,1300.0,59.036
4354,Pb1S1,1200.0,58.074
4355,Pb1S1,1100.0,57.153
4356,Pb1S1,1000.0,56.191
4357,Pb1S1,900.0,55.271
4358,Pb1S1,800.0,54.308
4359,Pb1S1,700.0,53.346
4360,Pb1S1,600.0,52.38399999999999
4361,Pb1S1,500.0,51.463
4362,Pb1S1,400.0,50.459
4363,Pb1S1,300.0,49.455
4364,Rb1,500.0,49.699
4365,Rb1,450.0,45.082
4366,Rb1,400.0,40.465
4367,Rb1,350.0,35.848
4368,Rb1,312.65,32.401
4369,Rb1,300.0,31.188
4370,Rb1,298.0,31.062
4371,S1,700.0,31.045
4372,S1,600.0,28.995
4373,S1,500.0,26.945
4374,S1,450.0,25.92
4375,S1,400.0,24.895
4376,S1,368.3,24.246
4377,S1,350.0,23.87
4378,S1,300.0,22.744
4379,S1,298.0,22.698
4380,S1Sr1,2900.0,66.212
4381,S1Sr1,2800.0,65.689
4382,S1Sr1,2700.0,65.166
4383,S1Sr1,2600.0,64.643
4384,S1Sr1,2500.0,64.12
4385,S1Sr1,2400.0,63.597
4386,S1Sr1,2300.0,63.074
4387,S1Sr1,2200.0,62.551
4388,S1Sr1,2100.0,62.028
4389,S1Sr1,2000.0,61.505
4390,S1Sr1,1900.0,60.982
4391,S1Sr1,1800.0,60.459
4392,S1Sr1,1700.0,59.951
4393,S1Sr1,1600.0,59.455
4394,S1Sr1,1500.0,58.937
4395,S1Sr1,1400.0,58.409
4396,S1Sr1,1300.0,57.87
4397,S1Sr1,1200.0,57.32100000000001
4398,S1Sr1,1100.0,56.777
4399,S1Sr1,1000.0,56.233
4400,S1Sr1,900.0,55.522
4401,S1Sr1,800.0,54.894
4402,S1Sr1,700.0,54.099
4403,S1Sr1,600.0,53.179
4404,S1Sr1,500.0,51.882
4405,S1Sr1,400.0,50.208
4406,S1Sr1,300.0,48.727
4407,S1Sr1,298.0,48.702
4408,Sr1,1400.0,38.801
4409,Sr1,1300.0,37.604
4410,Sr1,1200.0,36.428
4411,Sr1,1100.0,35.273
4412,Sr1,1000.0,34.139
4413,Sr1,900.0,33.027
4414,Sr1,820.0,32.151
4415,Sr1,800.0,31.935
4416,Sr1,700.0,30.864
4417,Sr1,600.0,29.814
4418,Sr1,500.0,28.785
4419,Sr1,450.0,28.278
4420,Sr1,400.0,27.777
4421,Sr1,350.0,27.298
4422,Sr1,300.0,26.809
4423,Sr1,298.0,26.791
4424,Ti1,1600.0,55.22
4425,Ti1,1500.0,49.764
4426,Ti1,1400.0,44.948
4427,Ti1,1300.0,40.771
4428,Ti1,1200.0,37.233
4429,Ti1,1166.0,36.175
4430,Ti1,1100.0,34.334
4431,Ti1,1000.0,32.074
4432,Ti1,900.0,30.454
4433,Ti1,800.0,29.472
4434,Ti1,700.0,29.135
4435,Ti1,600.0,28.596
4436,Ti1,500.0,27.877
4437,Ti1,450.0,27.418000000000006
4438,Ti1,400.0,26.862
4439,Ti1,350.0,26.169
4440,Ti1,300.0,25.276
4441,Ti1,298.0,25.238000000000003
4470,W1,4700.0,122.12
4471,W1,4600.0,116.629
4472,W1,4500.0,111.137
4473,W1,4400.0,105.646
4474,W1,4300.0,100.154
4475,W1,4200.0,94.663
4476,W1,4100.0,89.171
4477,W1,4000.0,83.68
4478,W1,3900.0,78.188
4479,W1,3800.0,72.697
4480,W1,3700.0,67.205
4481,W1,3680.0,66.149
4482,W1,3600.0,61.714
4483,W1,3500.0,56.484
4484,W1,3400.0,52.3
4485,W1,3300.0,48.953
4486,W1,3200.0,46.024
4487,W1,3100.0,43.43
4488,W1,3000.0,41.003
4489,W1,2900.0,39.12
4490,W1,2800.0,37.447
4491,W1,2700.0,36.192
4492,W1,2600.0,35.246
4493,W1,2500.0,34.736
4494,W1,2400.0,34.233000000000004
4495,W1,2300.0,33.736
4496,W1,2200.0,33.238
4497,W1,2100.0,32.744
4498,W1,2000.0,32.254
4499,W1,1900.0,31.765
4500,W1,1800.0,31.284
4501,W1,1700.0,30.807
4502,W1,1600.0,30.334
4503,W1,1500.0,29.862
4504,W1,1400.0,29.393
4505,W1,1300.0,28.93
4506,W1,1200.0,28.472
4507,W1,1100.0,28.017
4508,W1,1000.0,27.564
4509,W1,900.0,27.112
4510,W1,800.0,26.669
4511,W1,700.0,26.229
4512,W1,600.0,25.79
4513,W1,500.0,25.359
4514,W1,450.0,25.144
4515,W1,400.0,24.928
4516,W1,350.0,24.644
4517,W1,300.0,24.313
4518,W1,298.0,24.295
4519,Zn1,900.0,32.716
4520,Zn1,800.0,31.284
4521,Zn1,700.0,29.9
4522,Zn1,692.73,29.802
4523,Zn1,600.0,28.588
4524,Zn1,500.0,27.386
4525,Zn1,450.0,26.843000000000004
4526,Zn1,400.0,26.346
4527,Zn1,350.0,25.889
4528,Zn1,300.0,25.406
4529,Zn1,298.0,25.387
4530,Zr1,1600.0,37.762
4531,Zr1,1500.0,36.846
4532,Zr1,1400.0,35.80699999999999
4533,Zr1,1300.0,34.681
4534,Zr1,1200.0,33.501999999999995
4535,Zr1,1135.0,32.724000000000004
4536,Zr1,1100.0,32.306
4537,Zr1,1000.0,31.128
4538,Zr1,900.0,30.003
4539,Zr1,800.0,28.966
4540,Zr1,700.0,28.053
4541,Zr1,600.0,27.281
4542,Zr1,500.0,26.564
4543,Zr1,450.0,26.246
4544,Zr1,400.0,25.935
4545,Zr1,350.0,25.606
4546,Zr1,298.0,25.202
